date;Usage_kWh;Lagging_Current_Reactive.Power_kVarh;Leading_Current_Reactive_Power_kVarh;CO2(tCO2);Lagging_Current_Power_Factor;Leading_Current_Power_Factor;NSM;WeekStatus;Day_of_week;Load_Type
01.01.2018 00:15;3.17;2.95;0;0;73.21;100;900;Weekday;Monday;Light_Load
01.01.2018 00:30;4;4.46;0;0;66.77;100;1800;Weekday;Monday;Light_Load
01.01.2018 00:45;3.24;3.28;0;0;70.28;100;2700;Weekday;Monday;Light_Load
01.01.2018 01:00;3.31;3.56;0;0;68.09;100;3600;Weekday;Monday;Light_Load
01.01.2018 01:15;3.82;4.5;0;0;64.72;100;4500;Weekday;Monday;Light_Load
01.01.2018 01:30;3.28;3.56;0;0;67.76;100;5400;Weekday;Monday;Light_Load
01.01.2018 01:45;3.6;4.14;0;0;65.62;100;6300;Weekday;Monday;Light_Load
01.01.2018 02:00;3.6;4.28;0;0;64.37;100;7200;Weekday;Monday;Light_Load
01.01.2018 02:15;3.28;3.64;0;0;66.94;100;8100;Weekday;Monday;Light_Load
01.01.2018 02:30;3.78;4.72;0;0;62.51;100;9000;Weekday;Monday;Light_Load
01.01.2018 02:45;3.46;4.03;0;0;65.14;100;9900;Weekday;Monday;Light_Load
01.01.2018 03:00;3.24;3.64;0;0;66.49;100;10800;Weekday;Monday;Light_Load
01.01.2018 03:15;3.96;4.97;0;0;62.32;100;11700;Weekday;Monday;Light_Load
01.01.2018 03:30;3.31;3.74;0;0;66.27;100;12600;Weekday;Monday;Light_Load
01.01.2018 03:45;3.31;3.85;0;0;65.19;100;13500;Weekday;Monday;Light_Load
01.01.2018 04:00;3.89;5;0;0;61.4;100;14400;Weekday;Monday;Light_Load
01.01.2018 04:15;3.28;3.82;0;0;65.14;100;15300;Weekday;Monday;Light_Load
01.01.2018 04:30;3.56;4.28;0;0;63.95;100;16200;Weekday;Monday;Light_Load
01.01.2018 04:45;3.74;4.54;0;0;63.58;100;17100;Weekday;Monday;Light_Load
01.01.2018 05:00;3.31;3.6;0;0;67.68;100;18000;Weekday;Monday;Light_Load
01.01.2018 05:15;3.56;4.07;0;0;65.84;100;18900;Weekday;Monday;Light_Load
01.01.2018 05:30;3.56;4.1;0;0;65.56;100;19800;Weekday;Monday;Light_Load
01.01.2018 05:45;3.28;3.49;0;0;68.48;100;20700;Weekday;Monday;Light_Load
01.01.2018 06:00;3.78;4.32;0;0;65.85;100;21600;Weekday;Monday;Light_Load
01.01.2018 06:15;3.35;3.64;0;0;67.72;100;22500;Weekday;Monday;Light_Load
01.01.2018 06:30;3.24;3.35;0;0;69.52;100;23400;Weekday;Monday;Light_Load
01.01.2018 06:45;3.89;4.46;0;0;65.73;100;24300;Weekday;Monday;Light_Load
01.01.2018 07:00;3.31;3.53;0;0;68.4;100;25200;Weekday;Monday;Light_Load
01.01.2018 07:15;3.28;3.49;0;0;68.48;100;26100;Weekday;Monday;Light_Load
01.01.2018 07:30;3.85;4.75;0;0;62.97;100;27000;Weekday;Monday;Light_Load
01.01.2018 07:45;3.2;3.6;0;0;66.44;100;27900;Weekday;Monday;Light_Load
01.01.2018 08:00;3.31;3.78;0;0;65.88;100;28800;Weekday;Monday;Light_Load
01.01.2018 08:15;3.78;4.75;0;0;62.27;100;29700;Weekday;Monday;Light_Load
01.01.2018 08:30;3.28;3.74;0;0;65.94;100;30600;Weekday;Monday;Light_Load
01.01.2018 08:45;3.49;4.46;0.18;0;61.63;99.87;31500;Weekday;Monday;Light_Load
01.01.2018 09:00;3.89;0;15.66;0;100;24.11;32400;Weekday;Monday;Light_Load
01.01.2018 09:15;3.6;0;16.96;0;100;20.76;33300;Weekday;Monday;Light_Load
01.01.2018 09:30;4.03;0;21.28;0;100;18.61;34200;Weekday;Monday;Light_Load
01.01.2018 09:45;3.92;0;19.22;0;100;19.98;35100;Weekday;Monday;Light_Load
01.01.2018 10:00;3.64;0;16.88;0;100;21.08;36000;Weekday;Monday;Light_Load
01.01.2018 10:15;4.07;0;22.32;0;100;17.94;36900;Weekday;Monday;Light_Load
01.01.2018 10:30;3.71;0;18;0;100;20.19;37800;Weekday;Monday;Light_Load
01.01.2018 10:45;3.6;0;16.92;0;100;20.81;38700;Weekday;Monday;Light_Load
01.01.2018 11:00;4.21;0;23.4;0;100;17.71;39600;Weekday;Monday;Light_Load
01.01.2018 11:15;3.49;0;5.65;0;100;52.55;40500;Weekday;Monday;Light_Load
01.01.2018 11:30;3.46;0;4.82;0;100;58.31;41400;Weekday;Monday;Light_Load
01.01.2018 11:45;4;0;6.7;0;100;51.26;42300;Weekday;Monday;Light_Load
01.01.2018 12:00;3.49;0;4.57;0;100;60.69;43200;Weekday;Monday;Light_Load
01.01.2018 12:15;3.6;0;12.89;0;100;26.9;44100;Weekday;Monday;Light_Load
01.01.2018 12:30;4.25;0;23.15;0;100;18.06;45000;Weekday;Monday;Light_Load
01.01.2018 12:45;3.67;0;16.67;0;100;21.5;45900;Weekday;Monday;Light_Load
01.01.2018 13:00;3.67;0;16.63;0;100;21.55;46800;Weekday;Monday;Light_Load
01.01.2018 13:15;4.25;0;23.33;0;100;17.92;47700;Weekday;Monday;Light_Load
01.01.2018 13:30;3.64;0;16.74;0;100;21.25;48600;Weekday;Monday;Light_Load
01.01.2018 13:45;3.67;0;16.99;0;100;21.11;49500;Weekday;Monday;Light_Load
01.01.2018 14:00;4.28;0;23.4;0;100;17.99;50400;Weekday;Monday;Light_Load
01.01.2018 14:15;3.64;0;16.67;0;100;21.33;51300;Weekday;Monday;Light_Load
01.01.2018 14:30;3.78;0;18.25;0;100;20.28;52200;Weekday;Monday;Light_Load
01.01.2018 14:45;4.1;0;22.1;0;100;18.24;53100;Weekday;Monday;Light_Load
01.01.2018 15:00;3.64;0;16.7;0;100;21.3;54000;Weekday;Monday;Light_Load
01.01.2018 15:15;3.92;0;19.33;0;100;19.87;54900;Weekday;Monday;Light_Load
01.01.2018 15:30;4.1;0;21.35;0;100;18.86;55800;Weekday;Monday;Light_Load
01.01.2018 15:45;3.6;0;16.81;0;100;20.94;56700;Weekday;Monday;Light_Load
01.01.2018 16:00;3.96;0;20.45;0;100;19.01;57600;Weekday;Monday;Light_Load
01.01.2018 16:15;4;0;20.77;0;100;18.91;58500;Weekday;Monday;Light_Load
01.01.2018 16:30;3.6;0;16.81;0;100;20.94;59400;Weekday;Monday;Light_Load
01.01.2018 16:45;4.07;0;21.64;0;100;18.48;60300;Weekday;Monday;Light_Load
01.01.2018 17:00;3.82;0;19.19;0;100;19.52;61200;Weekday;Monday;Light_Load
01.01.2018 17:15;3.56;0;16.96;0;100;20.54;62100;Weekday;Monday;Light_Load
01.01.2018 17:30;4.1;0;23.51;0;100;17.18;63000;Weekday;Monday;Light_Load
01.01.2018 17:45;3.6;0;17.39;0;100;20.27;63900;Weekday;Monday;Light_Load
01.01.2018 18:00;3.6;0;17.35;0;100;20.32;64800;Weekday;Monday;Light_Load
01.01.2018 18:15;4;0;8.96;0;100;40.77;65700;Weekday;Monday;Light_Load
01.01.2018 18:30;3.42;0;5.47;0;100;53.01;66600;Weekday;Monday;Light_Load
01.01.2018 18:45;3.67;0;16.24;0;100;22.04;67500;Weekday;Monday;Light_Load
01.01.2018 19:00;4.07;0;22.57;0;100;17.75;68400;Weekday;Monday;Light_Load
01.01.2018 19:15;3.53;0;17.39;0;100;19.89;69300;Weekday;Monday;Light_Load
01.01.2018 19:30;3.85;0;20.74;0;100;18.25;70200;Weekday;Monday;Light_Load
01.01.2018 19:45;3.96;0;20.88;0;100;18.63;71100;Weekday;Monday;Light_Load
01.01.2018 20:00;3.56;0;17.35;0;100;20.1;72000;Weekday;Monday;Light_Load
01.01.2018 20:15;4.03;0;22.54;0;100;17.6;72900;Weekday;Monday;Light_Load
01.01.2018 20:30;3.74;0;19.55;0;100;18.79;73800;Weekday;Monday;Light_Load
01.01.2018 20:45;3.56;0;17.42;0;100;20.02;74700;Weekday;Monday;Light_Load
01.01.2018 21:00;4.21;0;24.26;0;100;17.1;75600;Weekday;Monday;Light_Load
01.01.2018 21:15;3.56;0;17.75;0;100;19.66;76500;Weekday;Monday;Light_Load
01.01.2018 21:30;3.53;0;17.42;0;100;19.86;77400;Weekday;Monday;Light_Load
01.01.2018 21:45;4.25;0;25.2;0;100;16.63;78300;Weekday;Monday;Light_Load
01.01.2018 22:00;3.53;0;17.5;0;100;19.77;79200;Weekday;Monday;Light_Load
01.01.2018 22:15;3.56;1.44;10.08;0;92.7;33.3;80100;Weekday;Monday;Light_Load
01.01.2018 22:30;3.67;4.21;0;0;65.71;100;81000;Weekday;Monday;Light_Load
01.01.2018 22:45;3.24;3.35;0;0;69.52;100;81900;Weekday;Monday;Light_Load
01.01.2018 23:00;3.53;3.74;0;0;68.64;100;82800;Weekday;Monday;Light_Load
01.01.2018 23:15;3.53;3.42;0;0;71.82;100;83700;Weekday;Monday;Light_Load
01.01.2018 23:30;3.24;2.95;0;0;73.94;100;84600;Weekday;Monday;Light_Load
01.01.2018 23:45;3.67;3.96;0;0;67.97;100;85500;Weekday;Monday;Light_Load
01.01.2018 00:00;3.42;3.46;0;0;70.3;100;0;Weekday;Monday;Light_Load
02.01.2018 00:15;3.2;3.1;0;0;71.82;100;900;Weekday;Tuesday;Light_Load
02.01.2018 00:30;3.85;4.61;0;0;64.1;100;1800;Weekday;Tuesday;Light_Load
02.01.2018 00:45;3.28;3.67;0;0;66.64;100;2700;Weekday;Tuesday;Light_Load
02.01.2018 01:00;3.35;3.6;0;0;68.12;100;3600;Weekday;Tuesday;Light_Load
02.01.2018 01:15;3.89;4.72;0;0;63.6;100;4500;Weekday;Tuesday;Light_Load
02.01.2018 01:30;3.28;3.53;0;0;68.07;100;5400;Weekday;Tuesday;Light_Load
02.01.2018 01:45;3.46;3.96;0;0;65.8;100;6300;Weekday;Tuesday;Light_Load
02.01.2018 02:00;3.78;4.82;0;0;61.71;100;7200;Weekday;Tuesday;Light_Load
02.01.2018 02:15;3.31;3.53;0;0;68.4;100;8100;Weekday;Tuesday;Light_Load
02.01.2018 02:30;3.6;4.36;0;0;63.67;100;9000;Weekday;Tuesday;Light_Load
02.01.2018 02:45;3.64;4.39;0;0;63.83;100;9900;Weekday;Tuesday;Light_Load
02.01.2018 03:00;3.28;3.71;0;0;66.24;100;10800;Weekday;Tuesday;Light_Load
02.01.2018 03:15;3.71;4.57;0;0;63.03;100;11700;Weekday;Tuesday;Light_Load
02.01.2018 03:30;3.56;4.03;0;0;66.21;100;12600;Weekday;Tuesday;Light_Load
02.01.2018 03:45;3.24;3.49;0;0;68.04;100;13500;Weekday;Tuesday;Light_Load
02.01.2018 04:00;3.89;4.64;0;0;64.25;100;14400;Weekday;Tuesday;Light_Load
02.01.2018 04:15;3.28;3.42;0;0;69.22;100;15300;Weekday;Tuesday;Light_Load
02.01.2018 04:30;3.28;3.49;0;0;68.48;100;16200;Weekday;Tuesday;Light_Load
02.01.2018 04:45;3.96;4.68;0;0;64.59;100;17100;Weekday;Tuesday;Light_Load
02.01.2018 05:00;3.24;3.42;0;0;68.77;100;18000;Weekday;Tuesday;Light_Load
02.01.2018 05:15;3.46;3.78;0;0;67.52;100;18900;Weekday;Tuesday;Light_Load
02.01.2018 05:30;3.67;4.07;0;0;66.97;100;19800;Weekday;Tuesday;Light_Load
02.01.2018 05:45;3.24;3.42;0;0;68.77;100;20700;Weekday;Tuesday;Light_Load
02.01.2018 06:00;3.67;3.96;0;0;67.97;100;21600;Weekday;Tuesday;Light_Load
02.01.2018 06:15;3.53;3.78;0;0;68.25;100;22500;Weekday;Tuesday;Light_Load
02.01.2018 06:30;3.2;3.24;0;0;70.27;100;23400;Weekday;Tuesday;Light_Load
02.01.2018 06:45;3.78;4.07;0;0;68.05;100;24300;Weekday;Tuesday;Light_Load
02.01.2018 07:00;3.35;3.35;0;0;70.71;100;25200;Weekday;Tuesday;Light_Load
02.01.2018 07:15;3.53;3.49;0;0;71.11;100;26100;Weekday;Tuesday;Light_Load
02.01.2018 07:30;6.3;4.57;0;0;80.95;100;27000;Weekday;Tuesday;Light_Load
02.01.2018 07:45;6.05;4.79;0;0;78.4;100;27900;Weekday;Tuesday;Light_Load
02.01.2018 08:00;6.73;4.54;0;0;82.9;100;28800;Weekday;Tuesday;Light_Load
02.01.2018 08:15;29.02;18.83;0.07;0;83.89;100;29700;Weekday;Tuesday;Light_Load
02.01.2018 08:30;46.19;28.66;0;0;84.97;100;30600;Weekday;Tuesday;Light_Load
02.01.2018 08:45;52.06;35.32;0;0;82.75;100;31500;Weekday;Tuesday;Light_Load
02.01.2018 09:00;56.2;12.53;0.11;0;97.6;100;32400;Weekday;Tuesday;Light_Load
02.01.2018 09:15;56.84;8.32;0;0;98.95;100;33300;Weekday;Tuesday;Medium_Load
02.01.2018 09:30;51.26;4.54;0.94;0;99.61;99.98;34200;Weekday;Tuesday;Medium_Load
02.01.2018 09:45;48.13;2.34;1.15;0;99.88;99.97;35100;Weekday;Tuesday;Medium_Load
02.01.2018 10:00;52.81;7.06;0.54;0;99.12;99.99;36000;Weekday;Tuesday;Medium_Load
02.01.2018 10:15;54.79;7.52;0.14;0;99.07;100;36900;Weekday;Tuesday;Maximum_Load
02.01.2018 10:30;53.21;8.35;0.11;0;98.79;100;37800;Weekday;Tuesday;Maximum_Load
02.01.2018 10:45;80.21;32.4;0;0;92.72;100;38700;Weekday;Tuesday;Maximum_Load
02.01.2018 11:00;77.58;25.49;0;0;95;100;39600;Weekday;Tuesday;Maximum_Load
02.01.2018 11:15;128.52;70.85;0;0;87.57;100;40500;Weekday;Tuesday;Maximum_Load
02.01.2018 11:30;144.47;78.48;0;0;87.87;100;41400;Weekday;Tuesday;Maximum_Load
02.01.2018 11:45;90.86;54.29;0;0;85.84;100;42300;Weekday;Tuesday;Maximum_Load
02.01.2018 12:00;123.3;66.06;0;0;88.15;100;43200;Weekday;Tuesday;Maximum_Load
02.01.2018 12:15;19.22;5.54;18.9;0;96.09;71.3;44100;Weekday;Tuesday;Medium_Load
02.01.2018 12:30;8.46;0;25.92;0;100;31.03;45000;Weekday;Tuesday;Medium_Load
02.01.2018 12:45;8.24;0;25.34;0;100;30.92;45900;Weekday;Tuesday;Medium_Load
02.01.2018 13:00;8.03;0;25.49;0;100;30.05;46800;Weekday;Tuesday;Medium_Load
02.01.2018 13:15;79.67;27.29;6.52;0;94.6;99.67;47700;Weekday;Tuesday;Medium_Load
02.01.2018 13:30;97.85;46.8;0;0;90.21;100;48600;Weekday;Tuesday;Medium_Load
02.01.2018 13:45;124.45;49.79;0;0;92.85;100;49500;Weekday;Tuesday;Medium_Load
02.01.2018 14:00;108.61;43.34;0;0;92.88;100;50400;Weekday;Tuesday;Medium_Load
02.01.2018 14:15;123.12;55.26;0;0;91.23;100;51300;Weekday;Tuesday;Medium_Load
02.01.2018 14:30;129.1;53.5;0;0;92.38;100;52200;Weekday;Tuesday;Medium_Load
02.01.2018 14:45;82.08;27.58;0;0;94.79;100;53100;Weekday;Tuesday;Medium_Load
02.01.2018 15:00;143.89;60.91;0;0;92.09;100;54000;Weekday;Tuesday;Medium_Load
02.01.2018 15:15;86.9;34.27;0;0;93.03;100;54900;Weekday;Tuesday;Medium_Load
02.01.2018 15:30;141.44;62.57;0;0;91.45;100;55800;Weekday;Tuesday;Medium_Load
02.01.2018 15:45;116.53;52.88;0;0;91.06;100;56700;Weekday;Tuesday;Medium_Load
02.01.2018 16:00;129.31;61.16;0;0;90.4;100;57600;Weekday;Tuesday;Medium_Load
02.01.2018 16:15;136.44;56.77;0;0;92.33;100;58500;Weekday;Tuesday;Medium_Load
02.01.2018 16:30;85.72;34.85;0;0;92.64;100;59400;Weekday;Tuesday;Medium_Load
02.01.2018 16:45;147.46;65.27;0;0;91.44;100;60300;Weekday;Tuesday;Medium_Load
02.01.2018 17:00;86.94;30.78;0;0;94.27;100;61200;Weekday;Tuesday;Medium_Load
02.01.2018 17:15;67.25;25.81;0;0;93.36;100;62100;Weekday;Tuesday;Maximum_Load
02.01.2018 17:30;115.78;50.04;0;0;91.79;100;63000;Weekday;Tuesday;Maximum_Load
02.01.2018 17:45;113.11;34.63;0;0;95.62;100;63900;Weekday;Tuesday;Maximum_Load
02.01.2018 18:00;76.75;11.74;1.04;0;98.85;99.99;64800;Weekday;Tuesday;Maximum_Load
02.01.2018 18:15;41.9;15.23;0.14;0;93.98;100;65700;Weekday;Tuesday;Maximum_Load
02.01.2018 18:30;37.4;19.94;0;0;88.24;100;66600;Weekday;Tuesday;Maximum_Load
02.01.2018 18:45;40.25;8.82;0.5;0;97.68;99.99;67500;Weekday;Tuesday;Maximum_Load
02.01.2018 19:00;34.92;1.98;1.58;0;99.84;99.9;68400;Weekday;Tuesday;Maximum_Load
02.01.2018 19:15;41.36;6.44;0.43;0;98.81;99.99;69300;Weekday;Tuesday;Maximum_Load
02.01.2018 19:30;35.96;2.52;1.37;0;99.76;99.93;70200;Weekday;Tuesday;Maximum_Load
02.01.2018 19:45;39.42;5.29;0.47;0;99.11;99.99;71100;Weekday;Tuesday;Maximum_Load
02.01.2018 20:00;38.16;4.68;0.5;0;99.26;99.99;72000;Weekday;Tuesday;Maximum_Load
02.01.2018 20:15;33.23;1.51;3.96;0;99.9;99.3;72900;Weekday;Tuesday;Medium_Load
02.01.2018 20:30;25.88;0;12.13;0;100;90.55;73800;Weekday;Tuesday;Medium_Load
02.01.2018 20:45;10.84;0;23.22;0;100;42.3;74700;Weekday;Tuesday;Medium_Load
02.01.2018 21:00;9.29;0;23.51;0;100;36.75;75600;Weekday;Tuesday;Medium_Load
02.01.2018 21:15;6.98;0;25.16;0;100;26.73;76500;Weekday;Tuesday;Medium_Load
02.01.2018 21:30;5.11;0;26.5;0;100;18.93;77400;Weekday;Tuesday;Medium_Load
02.01.2018 21:45;5.08;0;26.42;0;100;18.88;78300;Weekday;Tuesday;Medium_Load
02.01.2018 22:00;5.04;0;26.46;0;100;18.71;79200;Weekday;Tuesday;Medium_Load
02.01.2018 22:15;4.93;1.84;15.44;0;93.69;30.42;80100;Weekday;Tuesday;Maximum_Load
02.01.2018 22:30;4.64;5.22;0;0;66.44;100;81000;Weekday;Tuesday;Maximum_Load
02.01.2018 22:45;4.68;5.18;0;0;67.04;100;81900;Weekday;Tuesday;Maximum_Load
02.01.2018 23:00;4.68;5.11;0;0;67.54;100;82800;Weekday;Tuesday;Maximum_Load
02.01.2018 23:15;4.57;4.54;0;0;70.94;100;83700;Weekday;Tuesday;Light_Load
02.01.2018 23:30;4.57;4.25;0;0;73.23;100;84600;Weekday;Tuesday;Light_Load
02.01.2018 23:45;4.54;4.25;0;0;73;100;85500;Weekday;Tuesday;Light_Load
02.01.2018 00:00;4.61;4.21;0;0;73.84;100;0;Weekday;Tuesday;Light_Load
03.01.2018 00:15;4.61;4.61;0;0;70.71;100;900;Weekday;Wednesday;Light_Load
03.01.2018 00:30;4.61;4.54;0;0;71.25;100;1800;Weekday;Wednesday;Light_Load
03.01.2018 00:45;4.57;4.5;0;0;71.25;100;2700;Weekday;Wednesday;Light_Load
03.01.2018 01:00;4.57;4.61;0;0;70.4;100;3600;Weekday;Wednesday;Light_Load
03.01.2018 01:15;4.64;4.46;0;0;72.1;100;4500;Weekday;Wednesday;Light_Load
03.01.2018 01:30;4.64;4.57;0;0;71.25;100;5400;Weekday;Wednesday;Light_Load
03.01.2018 01:45;4.61;4.79;0;0;69.34;100;6300;Weekday;Wednesday;Light_Load
03.01.2018 02:00;4.57;4.5;0;0;71.25;100;7200;Weekday;Wednesday;Light_Load
03.01.2018 02:15;4.61;4.39;0;0;72.42;100;8100;Weekday;Wednesday;Light_Load
03.01.2018 02:30;4.64;4.75;0;0;69.88;100;9000;Weekday;Wednesday;Light_Load
03.01.2018 02:45;4.64;4.75;0;0;69.88;100;9900;Weekday;Wednesday;Light_Load
03.01.2018 03:00;4.57;4.75;0;0;69.33;100;10800;Weekday;Wednesday;Light_Load
03.01.2018 03:15;4.64;5.11;0;0;67.22;100;11700;Weekday;Wednesday;Light_Load
03.01.2018 03:30;4.64;4.72;0;0;70.1;100;12600;Weekday;Wednesday;Light_Load
03.01.2018 03:45;4.68;4.68;0;0;70.71;100;13500;Weekday;Wednesday;Light_Load
03.01.2018 04:00;4.57;4.46;0;0;71.57;100;14400;Weekday;Wednesday;Light_Load
03.01.2018 04:15;4.54;4.32;0;0;72.44;100;15300;Weekday;Wednesday;Light_Load
03.01.2018 04:30;4.61;4.46;0;0;71.87;100;16200;Weekday;Wednesday;Light_Load
03.01.2018 04:45;4.57;4.32;0;0;72.67;100;17100;Weekday;Wednesday;Light_Load
03.01.2018 05:00;4.61;4.32;0;0;72.97;100;18000;Weekday;Wednesday;Light_Load
03.01.2018 05:15;4.54;4.14;0;0;73.89;100;18900;Weekday;Wednesday;Light_Load
03.01.2018 05:30;4.57;4.21;0;0;73.55;100;19800;Weekday;Wednesday;Light_Load
03.01.2018 05:45;4.57;4.43;0;0;71.8;100;20700;Weekday;Wednesday;Light_Load
03.01.2018 06:00;4.57;4.5;0;0;71.25;100;21600;Weekday;Wednesday;Light_Load
03.01.2018 06:15;4.64;4.61;0;0;70.94;100;22500;Weekday;Wednesday;Light_Load
03.01.2018 06:30;4.57;4.36;0;0;72.35;100;23400;Weekday;Wednesday;Light_Load
03.01.2018 06:45;4.61;4.54;0;0;71.25;100;24300;Weekday;Wednesday;Light_Load
03.01.2018 07:00;4.54;4.28;0;0;72.76;100;25200;Weekday;Wednesday;Light_Load
03.01.2018 07:15;4.46;4.18;0;0;72.96;100;26100;Weekday;Wednesday;Light_Load
03.01.2018 07:30;6.12;4.25;0;0;82.14;100;27000;Weekday;Wednesday;Light_Load
03.01.2018 07:45;7.92;4.68;0;0;86.09;100;27900;Weekday;Wednesday;Light_Load
03.01.2018 08:00;9.58;4.36;0;0;91.02;100;28800;Weekday;Wednesday;Light_Load
03.01.2018 08:15;37.01;21.56;0;0.02;86.41;100;29700;Weekday;Wednesday;Light_Load
03.01.2018 08:30;74.59;35.86;0;0.03;90.13;100;30600;Weekday;Wednesday;Light_Load
03.01.2018 08:45;109.48;53.32;0;0.05;89.9;100;31500;Weekday;Wednesday;Light_Load
03.01.2018 09:00;105.08;31.82;0;0.05;95.71;100;32400;Weekday;Wednesday;Light_Load
03.01.2018 09:15;121.79;41.26;0;0.06;94.71;100;33300;Weekday;Wednesday;Medium_Load
03.01.2018 09:30;114.48;30.24;0;0.05;96.68;100;34200;Weekday;Wednesday;Medium_Load
03.01.2018 09:45;74.2;21.96;0;0.03;95.89;100;35100;Weekday;Wednesday;Medium_Load
03.01.2018 10:00;54.32;7.13;0.04;0.02;99.15;100;36000;Weekday;Wednesday;Medium_Load
03.01.2018 10:15;75.17;25.06;0;0.03;94.87;100;36900;Weekday;Wednesday;Maximum_Load
03.01.2018 10:30;58.07;12.24;0;0.03;97.85;100;37800;Weekday;Wednesday;Maximum_Load
03.01.2018 10:45;67.03;15.08;0;0.03;97.56;100;38700;Weekday;Wednesday;Maximum_Load
03.01.2018 11:00;74.59;31.64;0.04;0.03;92.06;100;39600;Weekday;Wednesday;Maximum_Load
03.01.2018 11:15;57.56;23.9;0;0.03;92.36;100;40500;Weekday;Wednesday;Maximum_Load
03.01.2018 11:30;78.62;48.06;0;0.04;85.32;100;41400;Weekday;Wednesday;Maximum_Load
03.01.2018 11:45;69.16;44.17;0;0.03;84.28;100;42300;Weekday;Wednesday;Maximum_Load
03.01.2018 12:00;74.05;44.78;0;0.03;85.57;100;43200;Weekday;Wednesday;Maximum_Load
03.01.2018 12:15;11.27;0.5;20.45;0.01;99.9;48.27;44100;Weekday;Wednesday;Medium_Load
03.01.2018 12:30;8.21;0;26.21;0;100;29.89;45000;Weekday;Wednesday;Medium_Load
03.01.2018 12:45;8.14;0;25.56;0;100;30.34;45900;Weekday;Wednesday;Medium_Load
03.01.2018 13:00;7.7;0;25.74;0;100;28.66;46800;Weekday;Wednesday;Medium_Load
03.01.2018 13:15;51.26;21.38;6.08;0.02;92.29;99.3;47700;Weekday;Wednesday;Medium_Load
03.01.2018 13:30;52.7;13.64;0;0.02;96.81;100;48600;Weekday;Wednesday;Medium_Load
03.01.2018 13:45;55.84;17.24;0;0.03;95.55;100;49500;Weekday;Wednesday;Medium_Load
03.01.2018 14:00;57.2;17.32;0;0.03;95.71;100;50400;Weekday;Wednesday;Medium_Load
03.01.2018 14:15;76.57;30.6;0;0.04;92.86;100;51300;Weekday;Wednesday;Medium_Load
03.01.2018 14:30;61.13;20.45;0;0.03;94.83;100;52200;Weekday;Wednesday;Medium_Load
03.01.2018 14:45;66.74;26.42;0;0.03;92.98;100;53100;Weekday;Wednesday;Medium_Load
03.01.2018 15:00;55.8;16.42;0;0.03;95.93;100;54000;Weekday;Wednesday;Medium_Load
03.01.2018 15:15;57.46;18.25;0;0.03;95.31;100;54900;Weekday;Wednesday;Medium_Load
03.01.2018 15:30;71.28;28.08;0;0.03;93.04;100;55800;Weekday;Wednesday;Medium_Load
03.01.2018 15:45;73.15;28.62;0;0.03;93.13;100;56700;Weekday;Wednesday;Medium_Load
03.01.2018 16:00;68.98;25.81;0;0.03;93.66;100;57600;Weekday;Wednesday;Medium_Load
03.01.2018 16:15;85;27.79;0;0.04;95.05;100;58500;Weekday;Wednesday;Medium_Load
03.01.2018 16:30;116.53;41.9;0;0.05;94.1;100;59400;Weekday;Wednesday;Medium_Load
03.01.2018 16:45;118.62;39.06;0;0.05;94.98;100;60300;Weekday;Wednesday;Medium_Load
03.01.2018 17:00;105.05;35.64;0;0.05;94.7;100;61200;Weekday;Wednesday;Medium_Load
03.01.2018 17:15;140.51;52.96;0;0.06;93.57;100;62100;Weekday;Wednesday;Maximum_Load
03.01.2018 17:30;114.01;41.15;0;0.05;94.06;100;63000;Weekday;Wednesday;Maximum_Load
03.01.2018 17:45;125.96;39.2;0;0.06;95.48;100;63900;Weekday;Wednesday;Maximum_Load
03.01.2018 18:00;73.62;13.25;1.69;0.03;98.42;99.97;64800;Weekday;Wednesday;Maximum_Load
03.01.2018 18:15;36.22;12.74;0.54;0.02;94.33;99.99;65700;Weekday;Wednesday;Maximum_Load
03.01.2018 18:30;39.82;18.43;0;0.02;90.75;100;66600;Weekday;Wednesday;Maximum_Load
03.01.2018 18:45;37.08;4.18;1.94;0.02;99.37;99.86;67500;Weekday;Wednesday;Maximum_Load
03.01.2018 19:00;42.98;5.47;0.18;0.02;99.2;100;68400;Weekday;Wednesday;Maximum_Load
03.01.2018 19:15;37.94;0.86;1.58;0.02;99.97;99.91;69300;Weekday;Wednesday;Maximum_Load
03.01.2018 19:30;39.71;3.74;0.79;0.02;99.56;99.98;70200;Weekday;Wednesday;Maximum_Load
03.01.2018 19:45;43.2;5.69;0.18;0.02;99.14;100;71100;Weekday;Wednesday;Maximum_Load
03.01.2018 20:00;37.33;1.19;1.66;0.02;99.95;99.9;72000;Weekday;Wednesday;Maximum_Load
03.01.2018 20:15;41;5.62;0.54;0.02;99.07;99.99;72900;Weekday;Wednesday;Medium_Load
03.01.2018 20:30;37.3;2.88;1.22;0.02;99.7;99.95;73800;Weekday;Wednesday;Medium_Load
03.01.2018 20:45;32.72;2.02;6.98;0.02;99.81;97.8;74700;Weekday;Wednesday;Medium_Load
03.01.2018 21:00;9.83;0;23.83;0;100;38.13;75600;Weekday;Wednesday;Medium_Load
03.01.2018 21:15;7.96;0;24.8;0;100;30.56;76500;Weekday;Wednesday;Medium_Load
03.01.2018 21:30;5.44;0;26.82;0;100;19.88;77400;Weekday;Wednesday;Medium_Load
03.01.2018 21:45;5.11;0;26.78;0;100;18.74;78300;Weekday;Wednesday;Medium_Load
03.01.2018 22:00;5.18;0;26.78;0;100;18.99;79200;Weekday;Wednesday;Medium_Load
03.01.2018 22:15;4.97;1.91;15.16;0;93.34;31.15;80100;Weekday;Wednesday;Maximum_Load
03.01.2018 22:30;4.75;5.26;0;0;67.02;100;81000;Weekday;Wednesday;Maximum_Load
03.01.2018 22:45;4.64;5.15;0;0;66.94;100;81900;Weekday;Wednesday;Maximum_Load
03.01.2018 23:00;4.64;4.97;0;0;68.24;100;82800;Weekday;Wednesday;Maximum_Load
03.01.2018 23:15;4.72;4.39;0;0;73.22;100;83700;Weekday;Wednesday;Light_Load
03.01.2018 23:30;4.61;4.25;0;0;73.52;100;84600;Weekday;Wednesday;Light_Load
03.01.2018 23:45;4.57;4.43;0;0;71.8;100;85500;Weekday;Wednesday;Light_Load
03.01.2018 00:00;4.57;4.5;0;0;71.25;100;0;Weekday;Wednesday;Light_Load
04.01.2018 00:15;4.61;4.57;0;0;71.02;100;900;Weekday;Thursday;Light_Load
04.01.2018 00:30;4.64;4.57;0;0;71.25;100;1800;Weekday;Thursday;Light_Load
04.01.2018 00:45;4.64;4.68;0;0;70.41;100;2700;Weekday;Thursday;Light_Load
04.01.2018 01:00;4.61;4.79;0;0;69.34;100;3600;Weekday;Thursday;Light_Load
04.01.2018 01:15;4.61;4.64;0;0;70.48;100;4500;Weekday;Thursday;Light_Load
04.01.2018 01:30;4.61;4.93;0;0;68.3;100;5400;Weekday;Thursday;Light_Load
04.01.2018 01:45;4.68;4.64;0;0;71.01;100;6300;Weekday;Thursday;Light_Load
04.01.2018 02:00;4.64;4.79;0;0;69.58;100;7200;Weekday;Thursday;Light_Load
04.01.2018 02:15;4.61;4.75;0;0;69.65;100;8100;Weekday;Thursday;Light_Load
04.01.2018 02:30;4.64;4.9;0;0;68.76;100;9000;Weekday;Thursday;Light_Load
04.01.2018 02:45;4.61;4.9;0;0;68.52;100;9900;Weekday;Thursday;Light_Load
04.01.2018 03:00;4.68;4.93;0;0;68.85;100;10800;Weekday;Thursday;Light_Load
04.01.2018 03:15;4.68;5;0;0;68.34;100;11700;Weekday;Thursday;Light_Load
04.01.2018 03:30;4.61;4.86;0;0;68.82;100;12600;Weekday;Thursday;Light_Load
04.01.2018 03:45;4.61;4.86;0;0;68.82;100;13500;Weekday;Thursday;Light_Load
04.01.2018 04:00;4.68;5.15;0;0;67.25;100;14400;Weekday;Thursday;Light_Load
04.01.2018 04:15;4.61;4.72;0;0;69.87;100;15300;Weekday;Thursday;Light_Load
04.01.2018 04:30;4.64;4.72;0;0;70.1;100;16200;Weekday;Thursday;Light_Load
04.01.2018 04:45;4.64;4.54;0;0;71.48;100;17100;Weekday;Thursday;Light_Load
04.01.2018 05:00;4.61;4.64;0;0;70.48;100;18000;Weekday;Thursday;Light_Load
04.01.2018 05:15;4.61;4.5;0;0;71.56;100;18900;Weekday;Thursday;Light_Load
04.01.2018 05:30;4.64;4.5;0;0;71.79;100;19800;Weekday;Thursday;Light_Load
04.01.2018 05:45;4.61;4.39;0;0;72.42;100;20700;Weekday;Thursday;Light_Load
04.01.2018 06:00;4.61;4.54;0;0;71.25;100;21600;Weekday;Thursday;Light_Load
04.01.2018 06:15;4.61;4.64;0;0;70.48;100;22500;Weekday;Thursday;Light_Load
04.01.2018 06:30;4.64;4.82;0;0;69.35;100;23400;Weekday;Thursday;Light_Load
04.01.2018 06:45;4.57;4.68;0;0;69.86;100;24300;Weekday;Thursday;Light_Load
04.01.2018 07:00;4.64;4.57;0;0;71.25;100;25200;Weekday;Thursday;Light_Load
04.01.2018 07:15;4.54;4.61;0;0;70.17;100;26100;Weekday;Thursday;Light_Load
04.01.2018 07:30;5.36;4.79;0;0;74.56;100;27000;Weekday;Thursday;Light_Load
04.01.2018 07:45;7.06;4.9;0;0;82.15;100;27900;Weekday;Thursday;Light_Load
04.01.2018 08:00;7.81;4.68;0;0;85.78;100;28800;Weekday;Thursday;Light_Load
04.01.2018 08:15;83.23;51.73;0;0.04;84.93;100;29700;Weekday;Thursday;Light_Load
04.01.2018 08:30;136.19;74.88;0;0.06;87.63;100;30600;Weekday;Thursday;Light_Load
04.01.2018 08:45;108.29;75.82;0;0.05;81.92;100;31500;Weekday;Thursday;Light_Load
04.01.2018 09:00;131.18;53.6;0;0.06;92.57;100;32400;Weekday;Thursday;Light_Load
04.01.2018 09:15;136.04;56.7;0;0.06;92.3;100;33300;Weekday;Thursday;Medium_Load
04.01.2018 09:30;128.02;46.22;0;0.06;94.06;100;34200;Weekday;Thursday;Medium_Load
04.01.2018 09:45;132.84;53.53;0;0.06;92.75;100;35100;Weekday;Thursday;Medium_Load
04.01.2018 10:00;111.49;39.17;0;0.05;94.35;100;36000;Weekday;Thursday;Medium_Load
04.01.2018 10:15;124.78;38.95;0;0.06;95.46;100;36900;Weekday;Thursday;Maximum_Load
04.01.2018 10:30;96.66;30.89;0;0.04;95.25;100;37800;Weekday;Thursday;Maximum_Load
04.01.2018 10:45;128.81;41.04;0;0.06;95.28;100;38700;Weekday;Thursday;Maximum_Load
04.01.2018 11:00;78.37;28.94;0;0.04;93.81;100;39600;Weekday;Thursday;Maximum_Load
04.01.2018 11:15;104.8;59.04;0;0.05;87.13;100;40500;Weekday;Thursday;Maximum_Load
04.01.2018 11:30;131.83;61.2;0;0.06;90.7;100;41400;Weekday;Thursday;Maximum_Load
04.01.2018 11:45;113.11;60.19;0;0.05;88.28;100;42300;Weekday;Thursday;Maximum_Load
04.01.2018 12:00;128.05;60.55;0;0.06;90.4;100;43200;Weekday;Thursday;Maximum_Load
04.01.2018 12:15;14.15;3.78;18.79;0.01;96.61;60.16;44100;Weekday;Thursday;Medium_Load
04.01.2018 12:30;7.85;0;26.39;0;100;28.51;45000;Weekday;Thursday;Medium_Load
04.01.2018 12:45;7.02;0;26.89;0;100;25.26;45900;Weekday;Thursday;Medium_Load
04.01.2018 13:00;7.63;0.07;26.46;0;100;27.71;46800;Weekday;Thursday;Medium_Load
04.01.2018 13:15;78.37;21.24;1.19;0.04;96.52;99.99;47700;Weekday;Thursday;Medium_Load
04.01.2018 13:30;135.43;51.95;0;0.06;93.37;100;48600;Weekday;Thursday;Medium_Load
04.01.2018 13:45;105.12;33.66;0;0.05;95.24;100;49500;Weekday;Thursday;Medium_Load
04.01.2018 14:00;120.6;41.4;0;0.06;94.58;100;50400;Weekday;Thursday;Medium_Load
04.01.2018 14:15;117.97;41.72;0;0.05;94.28;100;51300;Weekday;Thursday;Medium_Load
04.01.2018 14:30;121.93;43.56;0;0.06;94.17;100;52200;Weekday;Thursday;Medium_Load
04.01.2018 14:45;121.07;44.35;0;0.06;93.9;100;53100;Weekday;Thursday;Medium_Load
04.01.2018 15:00;115.42;38.45;0;0.05;94.87;100;54000;Weekday;Thursday;Medium_Load
04.01.2018 15:15;115.49;41.15;0;0.05;94.2;100;54900;Weekday;Thursday;Medium_Load
04.01.2018 15:30;101.92;39.06;0;0.05;93.38;100;55800;Weekday;Thursday;Medium_Load
04.01.2018 15:45;138.06;51.8;0;0.06;93.63;100;56700;Weekday;Thursday;Medium_Load
04.01.2018 16:00;118.94;49.97;0;0.05;92.19;100;57600;Weekday;Thursday;Medium_Load
04.01.2018 16:15;144.29;54.94;0;0.07;93.45;100;58500;Weekday;Thursday;Medium_Load
04.01.2018 16:30;88.27;28.73;0;0.04;95.09;100;59400;Weekday;Thursday;Medium_Load
04.01.2018 16:45;119.99;38.99;0;0.06;95.1;100;60300;Weekday;Thursday;Medium_Load
04.01.2018 17:00;97.63;37.26;0;0.04;93.43;100;61200;Weekday;Thursday;Medium_Load
04.01.2018 17:15;130.61;43.88;0;0.06;94.79;100;62100;Weekday;Thursday;Maximum_Load
04.01.2018 17:30;122.04;51.44;0;0.06;92.15;100;63000;Weekday;Thursday;Maximum_Load
04.01.2018 17:45;43.06;1.94;3.46;0.02;99.9;99.68;63900;Weekday;Thursday;Maximum_Load
04.01.2018 18:00;65.38;7.09;2.12;0.03;99.42;99.95;64800;Weekday;Thursday;Maximum_Load
04.01.2018 18:15;39.71;16.24;0.54;0.02;92.56;99.99;65700;Weekday;Thursday;Maximum_Load
04.01.2018 18:30;51.59;33.34;0;0.02;83.99;100;66600;Weekday;Thursday;Maximum_Load
04.01.2018 18:45;46.4;15.26;0;0.02;94.99;100;67500;Weekday;Thursday;Maximum_Load
04.01.2018 19:00;67.18;28.55;0;0.03;92.03;100;68400;Weekday;Thursday;Maximum_Load
04.01.2018 19:15;53.39;18;0;0.02;94.76;100;69300;Weekday;Thursday;Maximum_Load
04.01.2018 19:30;52.74;16.31;0;0.02;95.54;100;70200;Weekday;Thursday;Maximum_Load
04.01.2018 19:45;69.84;38.88;0;0.03;87.37;100;71100;Weekday;Thursday;Maximum_Load
04.01.2018 20:00;51.16;17.93;0;0.02;94.37;100;72000;Weekday;Thursday;Maximum_Load
04.01.2018 20:15;64.58;28.58;0;0.03;91.45;100;72900;Weekday;Thursday;Medium_Load
04.01.2018 20:30;69.3;39.92;0;0.03;86.65;100;73800;Weekday;Thursday;Medium_Load
04.01.2018 20:45;46.62;11.99;0.04;0.02;96.85;100;74700;Weekday;Thursday;Medium_Load
04.01.2018 21:00;36.22;3.1;2.77;0.02;99.64;99.71;75600;Weekday;Thursday;Medium_Load
04.01.2018 21:15;8.28;0;24.08;0;100;32.52;76500;Weekday;Thursday;Medium_Load
04.01.2018 21:30;6.08;0;25.56;0;100;23.14;77400;Weekday;Thursday;Medium_Load
04.01.2018 21:45;5.26;0;25.78;0;100;19.99;78300;Weekday;Thursday;Medium_Load
04.01.2018 22:00;5.15;0;25.85;0;100;19.54;79200;Weekday;Thursday;Medium_Load
04.01.2018 22:15;5.04;2.16;14.65;0;91.91;32.53;80100;Weekday;Thursday;Maximum_Load
04.01.2018 22:30;4.82;6.37;0;0;60.34;100;81000;Weekday;Thursday;Maximum_Load
04.01.2018 22:45;4.75;6.34;0;0;59.96;100;81900;Weekday;Thursday;Maximum_Load
04.01.2018 23:00;4.79;6.01;0;0;62.33;100;82800;Weekday;Thursday;Maximum_Load
04.01.2018 23:15;4.64;5.18;0;0;66.72;100;83700;Weekday;Thursday;Light_Load
04.01.2018 23:30;4.64;4.79;0;0;69.58;100;84600;Weekday;Thursday;Light_Load
04.01.2018 23:45;4.61;5.04;0;0;67.49;100;85500;Weekday;Thursday;Light_Load
04.01.2018 00:00;4.64;5.04;0;0;67.73;100;0;Weekday;Thursday;Light_Load
05.01.2018 00:15;4.72;5.15;0;0;67.57;100;900;Weekday;Friday;Light_Load
05.01.2018 00:30;4.68;5.22;0;0;66.75;100;1800;Weekday;Friday;Light_Load
05.01.2018 00:45;4.68;5.54;0;0;64.53;100;2700;Weekday;Friday;Light_Load
05.01.2018 01:00;4.72;5.58;0;0;64.58;100;3600;Weekday;Friday;Light_Load
05.01.2018 01:15;4.68;5.36;0;0;65.77;100;4500;Weekday;Friday;Light_Load
05.01.2018 01:30;4.68;5.33;0;0;65.98;100;5400;Weekday;Friday;Light_Load
05.01.2018 01:45;4.61;4.86;0;0;68.82;100;6300;Weekday;Friday;Light_Load
05.01.2018 02:00;4.61;4.68;0;0;70.18;100;7200;Weekday;Friday;Light_Load
05.01.2018 02:15;4.64;5;0;0;68.02;100;8100;Weekday;Friday;Light_Load
05.01.2018 02:30;4.64;4.97;0;0;68.24;100;9000;Weekday;Friday;Light_Load
05.01.2018 02:45;4.68;5.22;0;0;66.75;100;9900;Weekday;Friday;Light_Load
05.01.2018 03:00;4.64;5.04;0;0;67.73;100;10800;Weekday;Friday;Light_Load
05.01.2018 03:15;4.61;5.08;0;0;67.2;100;11700;Weekday;Friday;Light_Load
05.01.2018 03:30;4.68;5.04;0;0;68.05;100;12600;Weekday;Friday;Light_Load
05.01.2018 03:45;4.61;5;0;0;67.79;100;13500;Weekday;Friday;Light_Load
05.01.2018 04:00;4.72;5;0;0;68.65;100;14400;Weekday;Friday;Light_Load
05.01.2018 04:15;4.61;4.68;0;0;70.18;100;15300;Weekday;Friday;Light_Load
05.01.2018 04:30;4.61;4.72;0;0;69.87;100;16200;Weekday;Friday;Light_Load
05.01.2018 04:45;4.61;4.86;0;0;68.82;100;17100;Weekday;Friday;Light_Load
05.01.2018 05:00;4.61;4.82;0;0;69.12;100;18000;Weekday;Friday;Light_Load
05.01.2018 05:15;4.68;4.97;0;0;68.55;100;18900;Weekday;Friday;Light_Load
05.01.2018 05:30;4.64;4.93;0;0;68.54;100;19800;Weekday;Friday;Light_Load
05.01.2018 05:45;4.57;4.79;0;0;69.03;100;20700;Weekday;Friday;Light_Load
05.01.2018 06:00;4.64;4.93;0;0;68.54;100;21600;Weekday;Friday;Light_Load
05.01.2018 06:15;4.61;4.79;0;0;69.34;100;22500;Weekday;Friday;Light_Load
05.01.2018 06:30;4.64;4.82;0;0;69.35;100;23400;Weekday;Friday;Light_Load
05.01.2018 06:45;4.61;4.72;0;0;69.87;100;24300;Weekday;Friday;Light_Load
05.01.2018 07:00;4.61;4.9;0;0;68.52;100;25200;Weekday;Friday;Light_Load
05.01.2018 07:15;4.57;5.08;0;0;66.88;100;26100;Weekday;Friday;Light_Load
05.01.2018 07:30;5.33;4.97;0;0;73.14;100;27000;Weekday;Friday;Light_Load
05.01.2018 07:45;6.98;5.18;0;0;80.3;100;27900;Weekday;Friday;Light_Load
05.01.2018 08:00;7.02;4.97;0;0;81.62;100;28800;Weekday;Friday;Light_Load
05.01.2018 08:15;72.14;45.22;0;0.03;84.73;100;29700;Weekday;Friday;Light_Load
05.01.2018 08:30;117.61;66.56;0;0.05;87.03;100;30600;Weekday;Friday;Light_Load
05.01.2018 08:45;98.71;62.35;0;0.05;84.55;100;31500;Weekday;Friday;Light_Load
05.01.2018 09:00;136.48;59.44;0;0.06;91.68;100;32400;Weekday;Friday;Light_Load
05.01.2018 09:15;120.71;36.47;0;0.06;95.73;100;33300;Weekday;Friday;Medium_Load
05.01.2018 09:30;94.82;32.76;0;0.04;94.52;100;34200;Weekday;Friday;Medium_Load
05.01.2018 09:45;114.7;39.02;0;0.05;94.67;100;35100;Weekday;Friday;Medium_Load
05.01.2018 10:00;132.16;45.47;0;0.06;94.56;100;36000;Weekday;Friday;Medium_Load
05.01.2018 10:15;77.08;26.35;0;0.04;94.62;100;36900;Weekday;Friday;Maximum_Load
05.01.2018 10:30;128.56;45.4;0;0.06;94.29;100;37800;Weekday;Friday;Maximum_Load
05.01.2018 10:45;132.48;46.04;0;0.06;94.46;100;38700;Weekday;Friday;Maximum_Load
05.01.2018 11:00;114.3;43.81;0;0.05;93.38;100;39600;Weekday;Friday;Maximum_Load
05.01.2018 11:15;129.85;63.86;0;0.06;89.74;100;40500;Weekday;Friday;Maximum_Load
05.01.2018 11:30;120.28;65.99;0;0.06;87.67;100;41400;Weekday;Friday;Maximum_Load
05.01.2018 11:45;130.03;63.79;0;0.06;89.78;100;42300;Weekday;Friday;Maximum_Load
05.01.2018 12:00;97.88;42.19;0;0.04;91.83;100;43200;Weekday;Friday;Maximum_Load
05.01.2018 12:15;8.86;0.72;20.2;0;99.67;40.17;44100;Weekday;Friday;Medium_Load
05.01.2018 12:30;7.92;0;26.32;0;100;28.81;45000;Weekday;Friday;Medium_Load
05.01.2018 12:45;8.32;0;25.74;0;100;30.76;45900;Weekday;Friday;Medium_Load
05.01.2018 13:00;8.21;0;25.81;0;100;30.31;46800;Weekday;Friday;Medium_Load
05.01.2018 13:15;50.08;10.12;7.6;0.02;98.02;98.87;47700;Weekday;Friday;Medium_Load
05.01.2018 13:30;124.63;41.83;0;0.06;94.8;100;48600;Weekday;Friday;Medium_Load
05.01.2018 13:45;114.05;36.43;0;0.05;95.26;100;49500;Weekday;Friday;Medium_Load
05.01.2018 14:00;69.73;19.37;0;0.03;96.35;100;50400;Weekday;Friday;Medium_Load
05.01.2018 14:15;72.58;29.77;0;0.03;92.52;100;51300;Weekday;Friday;Medium_Load
05.01.2018 14:30;87.05;36.65;0;0.04;92.16;100;52200;Weekday;Friday;Medium_Load
05.01.2018 14:45;132.23;59.04;0;0.06;91.31;100;53100;Weekday;Friday;Medium_Load
05.01.2018 15:00;81.72;28.76;0;0.04;94.33;100;54000;Weekday;Friday;Medium_Load
05.01.2018 15:15;96.84;36.9;0;0.04;93.45;100;54900;Weekday;Friday;Medium_Load
05.01.2018 15:30;129.85;56.52;0;0.06;91.69;100;55800;Weekday;Friday;Medium_Load
05.01.2018 15:45;92.95;38.09;0;0.04;92.53;100;56700;Weekday;Friday;Medium_Load
05.01.2018 16:00;146.34;66.92;0;0.07;90.94;100;57600;Weekday;Friday;Medium_Load
05.01.2018 16:15;98.5;39.02;0;0.05;92.97;100;58500;Weekday;Friday;Medium_Load
05.01.2018 16:30;129.67;60.62;0;0.06;90.59;100;59400;Weekday;Friday;Medium_Load
05.01.2018 16:45;121.07;44.93;0;0.06;93.75;100;60300;Weekday;Friday;Medium_Load
05.01.2018 17:00;69.8;27.79;0;0.03;92.91;100;61200;Weekday;Friday;Medium_Load
05.01.2018 17:15;145.69;66.35;0;0.07;91.01;100;62100;Weekday;Friday;Maximum_Load
05.01.2018 17:30;117.68;51.98;0;0.05;91.47;100;63000;Weekday;Friday;Maximum_Load
05.01.2018 17:45;41.54;1.8;6.98;0.02;99.91;98.62;63900;Weekday;Friday;Maximum_Load
05.01.2018 18:00;75.06;13.5;3.56;0.03;98.42;99.89;64800;Weekday;Friday;Maximum_Load
05.01.2018 18:15;43.38;18.9;0.61;0.02;91.68;99.99;65700;Weekday;Friday;Maximum_Load
05.01.2018 18:30;68.54;45.68;0;0.03;83.21;100;66600;Weekday;Friday;Maximum_Load
05.01.2018 18:45;59.8;24.62;0;0.03;92.47;100;67500;Weekday;Friday;Maximum_Load
05.01.2018 19:00;65.05;27.65;0;0.03;92.03;100;68400;Weekday;Friday;Maximum_Load
05.01.2018 19:15;67;27.72;0;0.03;92.4;100;69300;Weekday;Friday;Maximum_Load
05.01.2018 19:30;57.28;20.92;0;0.03;93.93;100;70200;Weekday;Friday;Maximum_Load
05.01.2018 19:45;55.62;19.66;0;0.03;94.28;100;71100;Weekday;Friday;Maximum_Load
05.01.2018 20:00;51.77;16.34;0;0.02;95.36;100;72000;Weekday;Friday;Maximum_Load
05.01.2018 20:15;44.17;4.18;0.04;0.02;99.56;100;72900;Weekday;Friday;Medium_Load
05.01.2018 20:30;55.15;11.52;0.07;0.03;97.89;100;73800;Weekday;Friday;Medium_Load
05.01.2018 20:45;38.05;1.4;4.43;0.02;99.93;99.33;74700;Weekday;Friday;Medium_Load
05.01.2018 21:00;19.51;0;17.64;0.01;100;74.18;75600;Weekday;Friday;Medium_Load
05.01.2018 21:15;9.32;0;24.05;0;100;36.13;76500;Weekday;Friday;Medium_Load
05.01.2018 21:30;4.61;0;26.68;0;100;17.03;77400;Weekday;Friday;Medium_Load
05.01.2018 21:45;4.54;0;26.64;0;100;16.8;78300;Weekday;Friday;Medium_Load
05.01.2018 22:00;4.54;0;26.6;0;100;16.82;79200;Weekday;Friday;Medium_Load
05.01.2018 22:15;4.28;1.44;15.19;0;94.78;27.12;80100;Weekday;Friday;Maximum_Load
05.01.2018 22:30;4.1;4.32;0;0;68.84;100;81000;Weekday;Friday;Maximum_Load
05.01.2018 22:45;4.14;4.21;0;0;70.12;100;81900;Weekday;Friday;Maximum_Load
05.01.2018 23:00;4.07;4.07;0;0;70.71;100;82800;Weekday;Friday;Maximum_Load
05.01.2018 23:15;4.03;3.2;0;0;78.31;100;83700;Weekday;Friday;Light_Load
05.01.2018 23:30;4.07;3.85;0;0;72.65;100;84600;Weekday;Friday;Light_Load
05.01.2018 23:45;4.14;4.39;0;0;68.61;100;85500;Weekday;Friday;Light_Load
05.01.2018 00:00;4.14;4.5;0;0;67.71;100;0;Weekday;Friday;Light_Load
06.01.2018 00:15;4.14;4.5;0;0;67.71;100;900;Weekend;Saturday;Light_Load
06.01.2018 00:30;4.14;4.82;0;0;65.16;100;1800;Weekend;Saturday;Light_Load
06.01.2018 00:45;4.1;4.68;0;0;65.9;100;2700;Weekend;Saturday;Light_Load
06.01.2018 01:00;4.14;4.93;0;0;64.31;100;3600;Weekend;Saturday;Light_Load
06.01.2018 01:15;4.14;4.64;0;0;66.58;100;4500;Weekend;Saturday;Light_Load
06.01.2018 01:30;4.18;4.57;0;0;67.49;100;5400;Weekend;Saturday;Light_Load
06.01.2018 01:45;4.14;5;0;0;63.78;100;6300;Weekend;Saturday;Light_Load
06.01.2018 02:00;4.18;5.36;0;0;61.5;100;7200;Weekend;Saturday;Light_Load
06.01.2018 02:15;4.18;5.47;0;0;60.72;100;8100;Weekend;Saturday;Light_Load
06.01.2018 02:30;4.18;5.4;0;0;61.21;100;9000;Weekend;Saturday;Light_Load
06.01.2018 02:45;4.28;5.58;0;0;60.86;100;9900;Weekend;Saturday;Light_Load
06.01.2018 03:00;4.21;5.62;0;0;59.95;100;10800;Weekend;Saturday;Light_Load
06.01.2018 03:15;4.14;5.54;0;0;59.86;100;11700;Weekend;Saturday;Light_Load
06.01.2018 03:30;4.18;5.54;0;0;60.23;100;12600;Weekend;Saturday;Light_Load
06.01.2018 03:45;4.18;5.72;0;0;59;100;13500;Weekend;Saturday;Light_Load
06.01.2018 04:00;4.28;5.76;0;0;59.64;100;14400;Weekend;Saturday;Light_Load
06.01.2018 04:15;4.21;5.8;0;0;58.74;100;15300;Weekend;Saturday;Light_Load
06.01.2018 04:30;4.18;5.58;0;0;59.95;100;16200;Weekend;Saturday;Light_Load
06.01.2018 04:45;4.21;5.83;0;0;58.54;100;17100;Weekend;Saturday;Light_Load
06.01.2018 05:00;4.18;5.83;0;0;58.27;100;18000;Weekend;Saturday;Light_Load
06.01.2018 05:15;4.25;5.51;0;0;61.08;100;18900;Weekend;Saturday;Light_Load
06.01.2018 05:30;4.18;5.29;0;0;62;100;19800;Weekend;Saturday;Light_Load
06.01.2018 05:45;4.14;5.26;0;0;61.85;100;20700;Weekend;Saturday;Light_Load
06.01.2018 06:00;4.14;5.4;0;0;60.84;100;21600;Weekend;Saturday;Light_Load
06.01.2018 06:15;4.14;5.47;0;0;60.35;100;22500;Weekend;Saturday;Light_Load
06.01.2018 06:30;4.21;5.29;0;0;62.27;100;23400;Weekend;Saturday;Light_Load
06.01.2018 06:45;4.21;5.4;0;0;61.49;100;24300;Weekend;Saturday;Light_Load
06.01.2018 07:00;4.14;5.51;0;0;60.07;100;25200;Weekend;Saturday;Light_Load
06.01.2018 07:15;4.07;5.22;0;0;61.49;100;26100;Weekend;Saturday;Light_Load
06.01.2018 07:30;4.1;5.29;0;0;61.26;100;27000;Weekend;Saturday;Light_Load
06.01.2018 07:45;4.1;5.26;0;0;61.48;100;27900;Weekend;Saturday;Light_Load
06.01.2018 08:00;4.18;5.29;0;0;62;100;28800;Weekend;Saturday;Light_Load
06.01.2018 08:15;4.07;5.11;0;0;62.3;100;29700;Weekend;Saturday;Light_Load
06.01.2018 08:30;4.07;5.11;0;0;62.3;100;30600;Weekend;Saturday;Light_Load
06.01.2018 08:45;4.07;5.08;0.14;0;62.53;99.94;31500;Weekend;Saturday;Light_Load
06.01.2018 09:00;4.36;0;20.7;0;100;20.61;32400;Weekend;Saturday;Light_Load
06.01.2018 09:15;4.54;0;26.5;0;100;16.89;33300;Weekend;Saturday;Light_Load
06.01.2018 09:30;4.43;0;26.39;0;100;16.56;34200;Weekend;Saturday;Light_Load
06.01.2018 09:45;4;0;20.99;0;100;18.72;35100;Weekend;Saturday;Light_Load
06.01.2018 10:00;4.25;0;23.33;0;100;17.92;36000;Weekend;Saturday;Light_Load
06.01.2018 10:15;4.28;0;23.33;0;100;18.04;36900;Weekend;Saturday;Light_Load
06.01.2018 10:30;3.82;0;19.73;0;100;19.01;37800;Weekend;Saturday;Light_Load
06.01.2018 10:45;4.32;0;26.89;0;100;15.86;38700;Weekend;Saturday;Light_Load
06.01.2018 11:00;3.46;0;17.93;0;100;18.95;39600;Weekend;Saturday;Light_Load
06.01.2018 11:15;4;0;9.9;0;100;37.46;40500;Weekend;Saturday;Light_Load
06.01.2018 11:30;3.49;0;7.06;0;100;44.31;41400;Weekend;Saturday;Light_Load
06.01.2018 11:45;3.71;0;7.63;0;100;43.73;42300;Weekend;Saturday;Light_Load
06.01.2018 12:00;3.89;0;7.42;0;100;46.43;43200;Weekend;Saturday;Light_Load
06.01.2018 12:15;3.53;0;14.08;0;100;24.32;44100;Weekend;Saturday;Light_Load
06.01.2018 12:30;4.25;0;24.91;0;100;16.82;45000;Weekend;Saturday;Light_Load
06.01.2018 12:45;3.56;0;17.39;0;100;20.06;45900;Weekend;Saturday;Light_Load
06.01.2018 13:00;4.03;0;22.54;0;100;17.6;46800;Weekend;Saturday;Light_Load
06.01.2018 13:15;3.64;0;19.69;0;100;18.18;47700;Weekend;Saturday;Light_Load
06.01.2018 13:30;3.53;0;18.14;0;100;19.1;48600;Weekend;Saturday;Light_Load
06.01.2018 13:45;4.03;0;25.16;0;100;15.82;49500;Weekend;Saturday;Light_Load
06.01.2018 14:00;3.38;0;17.75;0;100;18.71;50400;Weekend;Saturday;Light_Load
06.01.2018 14:15;3.74;0;20.92;0;100;17.6;51300;Weekend;Saturday;Light_Load
06.01.2018 14:30;3.82;0;21.67;0;100;17.36;52200;Weekend;Saturday;Light_Load
06.01.2018 14:45;3.46;0;17.5;0;100;19.4;53100;Weekend;Saturday;Light_Load
06.01.2018 15:00;4;0;23;0;100;17.13;54000;Weekend;Saturday;Light_Load
06.01.2018 15:15;3.64;0;18.9;0;100;18.91;54900;Weekend;Saturday;Light_Load
06.01.2018 15:30;3.42;0;17.42;0;100;19.26;55800;Weekend;Saturday;Light_Load
06.01.2018 15:45;4.18;0;24.3;0;100;16.95;56700;Weekend;Saturday;Light_Load
06.01.2018 16:00;3.53;0;18.43;0;100;18.81;57600;Weekend;Saturday;Light_Load
06.01.2018 16:15;3.38;0;17.6;0;100;18.86;58500;Weekend;Saturday;Light_Load
06.01.2018 16:30;4.03;0;24.73;0;100;16.08;59400;Weekend;Saturday;Light_Load
06.01.2018 16:45;3.42;0;18.18;0;100;18.49;60300;Weekend;Saturday;Light_Load
06.01.2018 17:00;3.42;0;17.71;0;100;18.96;61200;Weekend;Saturday;Light_Load
06.01.2018 17:15;4.1;0;24.91;0;100;16.24;62100;Weekend;Saturday;Light_Load
06.01.2018 17:30;3.38;0;18;0;100;18.46;63000;Weekend;Saturday;Light_Load
06.01.2018 17:45;3.38;0;17.82;0;100;18.64;63900;Weekend;Saturday;Light_Load
06.01.2018 18:00;4.03;0;24.62;0;100;16.15;64800;Weekend;Saturday;Light_Load
06.01.2018 18:15;3.46;0;7.96;0;100;39.86;65700;Weekend;Saturday;Light_Load
06.01.2018 18:30;3.24;0;6.23;0;100;46.14;66600;Weekend;Saturday;Light_Load
06.01.2018 18:45;3.85;0;20.88;0;100;18.13;67500;Weekend;Saturday;Light_Load
06.01.2018 19:00;3.53;0;18.94;0;100;18.32;68400;Weekend;Saturday;Light_Load
06.01.2018 19:15;3.42;0;17.86;0;100;18.81;69300;Weekend;Saturday;Light_Load
06.01.2018 19:30;4.03;0;24.19;0;100;16.43;70200;Weekend;Saturday;Light_Load
06.01.2018 19:45;3.49;0;18.65;0;100;18.39;71100;Weekend;Saturday;Light_Load
06.01.2018 20:00;3.42;0;17.82;0;100;18.85;72000;Weekend;Saturday;Light_Load
06.01.2018 20:15;4.07;0;24.16;0;100;16.61;72900;Weekend;Saturday;Light_Load
06.01.2018 20:30;3.56;0;18.79;0;100;18.62;73800;Weekend;Saturday;Light_Load
06.01.2018 20:45;3.53;0;17.68;0;100;19.58;74700;Weekend;Saturday;Light_Load
06.01.2018 21:00;4.1;0;24.16;0;100;16.73;75600;Weekend;Saturday;Light_Load
06.01.2018 21:15;3.6;0;18.97;0;100;18.64;76500;Weekend;Saturday;Light_Load
06.01.2018 21:30;3.49;0;17.6;0;100;19.45;77400;Weekend;Saturday;Light_Load
06.01.2018 21:45;4.1;0;24.41;0;100;16.56;78300;Weekend;Saturday;Light_Load
06.01.2018 22:00;3.56;0;18.18;0;100;19.22;79200;Weekend;Saturday;Light_Load
06.01.2018 22:15;3.31;1.15;10.01;0;94.46;31.4;80100;Weekend;Saturday;Light_Load
06.01.2018 22:30;3.82;4.25;0;0;66.85;100;81000;Weekend;Saturday;Light_Load
06.01.2018 22:45;3.24;3.35;0;0;69.52;100;81900;Weekend;Saturday;Light_Load
06.01.2018 23:00;3.24;3.2;0;0;71.15;100;82800;Weekend;Saturday;Light_Load
06.01.2018 23:15;3.82;3.46;0;0;74.12;100;83700;Weekend;Saturday;Light_Load
06.01.2018 23:30;3.1;2.56;0;0;77.11;100;84600;Weekend;Saturday;Light_Load
06.01.2018 23:45;3.31;2.92;0;0;74.99;100;85500;Weekend;Saturday;Light_Load
06.01.2018 00:00;3.6;3.28;0;0;73.92;100;0;Weekend;Saturday;Light_Load
07.01.2018 00:15;3.13;2.74;0;0;75.24;100;900;Weekend;Sunday;Light_Load
07.01.2018 00:30;3.49;3.17;0;0;74.02;100;1800;Weekend;Sunday;Light_Load
07.01.2018 00:45;3.64;3.6;0;0;71.1;100;2700;Weekend;Sunday;Light_Load
07.01.2018 01:00;3.2;3.02;0;0;72.73;100;3600;Weekend;Sunday;Light_Load
07.01.2018 01:15;3.56;3.6;0;0;70.31;100;4500;Weekend;Sunday;Light_Load
07.01.2018 01:30;3.49;3.6;0;0;69.61;100;5400;Weekend;Sunday;Light_Load
07.01.2018 01:45;3.31;3.2;0;0;71.9;100;6300;Weekend;Sunday;Light_Load
07.01.2018 02:00;3.74;4.28;0;0;65.8;100;7200;Weekend;Sunday;Light_Load
07.01.2018 02:15;3.38;3.38;0;0;70.71;100;8100;Weekend;Sunday;Light_Load
07.01.2018 02:30;3.17;3.02;0;0;72.4;100;9000;Weekend;Sunday;Light_Load
07.01.2018 02:45;3.89;4.32;0;0;66.92;100;9900;Weekend;Sunday;Light_Load
07.01.2018 03:00;3.35;3.17;0;0;72.64;100;10800;Weekend;Sunday;Light_Load
07.01.2018 03:15;3.28;3.28;0;0;70.71;100;11700;Weekend;Sunday;Light_Load
07.01.2018 03:30;3.82;4.14;0;0;67.81;100;12600;Weekend;Sunday;Light_Load
07.01.2018 03:45;3.24;3.2;0;0;71.15;100;13500;Weekend;Sunday;Light_Load
07.01.2018 04:00;3.42;3.6;0;0;68.87;100;14400;Weekend;Sunday;Light_Load
07.01.2018 04:15;3.71;3.92;0;0;68.74;100;15300;Weekend;Sunday;Light_Load
07.01.2018 04:30;3.24;3.31;0;0;69.95;100;16200;Weekend;Sunday;Light_Load
07.01.2018 04:45;3.67;4.18;0;0;65.98;100;17100;Weekend;Sunday;Light_Load
07.01.2018 05:00;3.38;3.6;0;0;68.45;100;18000;Weekend;Sunday;Light_Load
07.01.2018 05:15;3.24;3.28;0;0;70.28;100;18900;Weekend;Sunday;Light_Load
07.01.2018 05:30;3.96;4.36;0;0;67.23;100;19800;Weekend;Sunday;Light_Load
07.01.2018 05:45;3.24;3.31;0;0;69.95;100;20700;Weekend;Sunday;Light_Load
07.01.2018 06:00;3.31;3.64;0;0;67.28;100;21600;Weekend;Sunday;Light_Load
07.01.2018 06:15;3.82;4.39;0;0;65.64;100;22500;Weekend;Sunday;Light_Load
07.01.2018 06:30;3.24;3.28;0;0;70.28;100;23400;Weekend;Sunday;Light_Load
07.01.2018 06:45;3.53;3.71;0;0;68.93;100;24300;Weekend;Sunday;Light_Load
07.01.2018 07:00;3.64;4.1;0;0;66.39;100;25200;Weekend;Sunday;Light_Load
07.01.2018 07:15;3.2;3.64;0;0;66.03;100;26100;Weekend;Sunday;Light_Load
07.01.2018 07:30;3.67;4.54;0;0;62.87;100;27000;Weekend;Sunday;Light_Load
07.01.2018 07:45;3.46;4.21;0;0;63.49;100;27900;Weekend;Sunday;Light_Load
07.01.2018 08:00;3.28;3.82;0;0;65.14;100;28800;Weekend;Sunday;Light_Load
07.01.2018 08:15;3.82;4.86;0;0;61.8;100;29700;Weekend;Sunday;Light_Load
07.01.2018 08:30;3.35;4.03;0;0;63.92;100;30600;Weekend;Sunday;Light_Load
07.01.2018 08:45;3.28;3.85;0.18;0;64.85;99.85;31500;Weekend;Sunday;Light_Load
07.01.2018 09:00;4.14;0;19.3;0;100;20.97;32400;Weekend;Sunday;Light_Load
07.01.2018 09:15;3.56;0;17.21;0;100;20.26;33300;Weekend;Sunday;Light_Load
07.01.2018 09:30;3.71;0;18.04;0;100;20.14;34200;Weekend;Sunday;Light_Load
07.01.2018 09:45;4.1;0;22.93;0;100;17.6;35100;Weekend;Sunday;Light_Load
07.01.2018 10:00;3.56;0;17.21;0;100;20.26;36000;Weekend;Sunday;Light_Load
07.01.2018 10:15;3.82;0;19.91;0;100;18.84;36900;Weekend;Sunday;Light_Load
07.01.2018 10:30;3.96;0;21.35;0;100;18.24;37800;Weekend;Sunday;Light_Load
07.01.2018 10:45;3.56;0;17.28;0;100;20.18;38700;Weekend;Sunday;Light_Load
07.01.2018 11:00;3.92;0;21.35;0;100;18.06;39600;Weekend;Sunday;Light_Load
07.01.2018 11:15;3.64;0;7.24;0;100;44.92;40500;Weekend;Sunday;Light_Load
07.01.2018 11:30;3.42;0;5.08;0;100;55.85;41400;Weekend;Sunday;Light_Load
07.01.2018 11:45;3.82;0;6.59;0;100;50.15;42300;Weekend;Sunday;Light_Load
07.01.2018 12:00;3.64;0;5.69;0;100;53.89;43200;Weekend;Sunday;Light_Load
07.01.2018 12:15;3.53;0;13.21;0;100;25.82;44100;Weekend;Sunday;Light_Load
07.01.2018 12:30;4.1;0;22.46;0;100;17.96;45000;Weekend;Sunday;Light_Load
07.01.2018 12:45;3.74;0;17.96;0;100;20.39;45900;Weekend;Sunday;Light_Load
07.01.2018 13:00;3.64;0;16.81;0;100;21.16;46800;Weekend;Sunday;Light_Load
07.01.2018 13:15;4.18;0;23.4;0;100;17.58;47700;Weekend;Sunday;Light_Load
07.01.2018 13:30;3.64;0;16.85;0;100;21.12;48600;Weekend;Sunday;Light_Load
07.01.2018 13:45;3.56;0;16.85;0;100;20.67;49500;Weekend;Sunday;Light_Load
07.01.2018 14:00;4.21;0;23.58;0;100;17.58;50400;Weekend;Sunday;Light_Load
07.01.2018 14:15;3.6;0;16.74;0;100;21.02;51300;Weekend;Sunday;Light_Load
07.01.2018 14:30;3.56;0;16.74;0;100;20.8;52200;Weekend;Sunday;Light_Load
07.01.2018 14:45;4.21;0;22.61;0;100;18.31;53100;Weekend;Sunday;Light_Load
07.01.2018 15:00;3.6;0;16.63;0;100;21.16;54000;Weekend;Sunday;Light_Load
07.01.2018 15:15;3.6;0;16.6;0;100;21.19;54900;Weekend;Sunday;Light_Load
07.01.2018 15:30;4.18;0;22.79;0;100;18.04;55800;Weekend;Sunday;Light_Load
07.01.2018 15:45;3.6;0;16.74;0;100;21.02;56700;Weekend;Sunday;Light_Load
07.01.2018 16:00;3.64;0;16.7;0;100;21.3;57600;Weekend;Sunday;Light_Load
07.01.2018 16:15;4.21;0;23.8;0;100;17.42;58500;Weekend;Sunday;Light_Load
07.01.2018 16:30;3.49;0;16.99;0;100;20.12;59400;Weekend;Sunday;Light_Load
07.01.2018 16:45;3.53;0;16.99;0;100;20.34;60300;Weekend;Sunday;Light_Load
07.01.2018 17:00;4.14;0;23.72;0;100;17.19;61200;Weekend;Sunday;Light_Load
07.01.2018 17:15;3.56;0;16.85;0;100;20.67;62100;Weekend;Sunday;Light_Load
07.01.2018 17:30;3.64;0;16.88;0;100;21.08;63000;Weekend;Sunday;Light_Load
07.01.2018 17:45;4.14;0;24.01;0;100;16.99;63900;Weekend;Sunday;Light_Load
07.01.2018 18:00;3.49;0;17.35;0;100;19.72;64800;Weekend;Sunday;Light_Load
07.01.2018 18:15;3.35;0;6.41;0;100;46.32;65700;Weekend;Sunday;Light_Load
07.01.2018 18:30;3.96;0;7.78;0;100;45.36;66600;Weekend;Sunday;Light_Load
07.01.2018 18:45;3.56;0;14.69;0;100;23.55;67500;Weekend;Sunday;Light_Load
07.01.2018 19:00;3.56;0;17.75;0;100;19.66;68400;Weekend;Sunday;Light_Load
07.01.2018 19:15;4.07;0;23.4;0;100;17.14;69300;Weekend;Sunday;Light_Load
07.01.2018 19:30;3.56;0;17.17;0;100;20.3;70200;Weekend;Sunday;Light_Load
07.01.2018 19:45;3.67;0;18.72;0;100;19.24;71100;Weekend;Sunday;Light_Load
07.01.2018 20:00;4.07;0;22.86;0;100;17.53;72000;Weekend;Sunday;Light_Load
07.01.2018 20:15;3.6;0;17.14;0;100;20.56;72900;Weekend;Sunday;Light_Load
07.01.2018 20:30;3.74;0;18.68;0;100;19.63;73800;Weekend;Sunday;Light_Load
07.01.2018 20:45;4;0;21.49;0;100;18.3;74700;Weekend;Sunday;Light_Load
07.01.2018 21:00;3.6;0;16.92;0;100;20.81;75600;Weekend;Sunday;Light_Load
07.01.2018 21:15;3.85;0;19.69;0;100;19.19;76500;Weekend;Sunday;Light_Load
07.01.2018 21:30;4;0;21.28;0;100;18.47;77400;Weekend;Sunday;Light_Load
07.01.2018 21:45;3.67;0;16.88;0;100;21.25;78300;Weekend;Sunday;Light_Load
07.01.2018 22:00;3.92;0;20.02;0;100;19.22;79200;Weekend;Sunday;Light_Load
07.01.2018 22:15;3.82;1.48;13.36;0;93.25;27.49;80100;Weekend;Sunday;Light_Load
07.01.2018 22:30;3.31;4.36;0;0;60.47;100;81000;Weekend;Sunday;Light_Load
07.01.2018 22:45;3.6;5.08;0;0;57.82;100;81900;Weekend;Sunday;Light_Load
07.01.2018 23:00;3.64;4.82;0;0;60.26;100;82800;Weekend;Sunday;Light_Load
07.01.2018 23:15;3.24;3.64;0;0;66.49;100;83700;Weekend;Sunday;Light_Load
07.01.2018 23:30;3.64;4.54;0;0;62.55;100;84600;Weekend;Sunday;Light_Load
07.01.2018 23:45;3.42;4.1;0;0;64.06;100;85500;Weekend;Sunday;Light_Load
07.01.2018 00:00;3.28;3.85;0;0;64.85;100;0;Weekend;Sunday;Light_Load
08.01.2018 00:15;3.78;5.15;0;0;59.17;100;900;Weekday;Monday;Light_Load
08.01.2018 00:30;3.38;4.32;0;0;61.62;100;1800;Weekday;Monday;Light_Load
08.01.2018 00:45;3.31;4.25;0;0;61.45;100;2700;Weekday;Monday;Light_Load
08.01.2018 01:00;3.89;5.76;0;0;55.97;100;3600;Weekday;Monday;Light_Load
08.01.2018 01:15;3.35;4.32;0;0;61.28;100;4500;Weekday;Monday;Light_Load
08.01.2018 01:30;3.31;4.25;0;0;61.45;100;5400;Weekday;Monday;Light_Load
08.01.2018 01:45;4;5.83;0;0;56.57;100;6300;Weekday;Monday;Light_Load
08.01.2018 02:00;3.31;4.32;0;0;60.82;100;7200;Weekday;Monday;Light_Load
08.01.2018 02:15;3.42;4.68;0;0;59;100;8100;Weekday;Monday;Light_Load
08.01.2018 02:30;3.89;6.05;0;0;54.08;100;9000;Weekday;Monday;Light_Load
08.01.2018 02:45;3.38;4.68;0;0;58.55;100;9900;Weekday;Monday;Light_Load
08.01.2018 03:00;3.56;5.11;0;0;57.16;100;10800;Weekday;Monday;Light_Load
08.01.2018 03:15;3.78;5.76;0;0;54.87;100;11700;Weekday;Monday;Light_Load
08.01.2018 03:30;3.38;4.64;0;0;58.88;100;12600;Weekday;Monday;Light_Load
08.01.2018 03:45;3.64;5.36;0;0;56.18;100;13500;Weekday;Monday;Light_Load
08.01.2018 04:00;3.6;5.29;0;0;56.26;100;14400;Weekday;Monday;Light_Load
08.01.2018 04:15;3.46;4.54;0;0;60.61;100;15300;Weekday;Monday;Light_Load
08.01.2018 04:30;3.74;5.69;0;0;54.93;100;16200;Weekday;Monday;Light_Load
08.01.2018 04:45;3.53;4.93;0;0;58.22;100;17100;Weekday;Monday;Light_Load
08.01.2018 05:00;3.38;4.54;0;0;59.72;100;18000;Weekday;Monday;Light_Load
08.01.2018 05:15;3.85;5.94;0;0;54.39;100;18900;Weekday;Monday;Light_Load
08.01.2018 05:30;3.49;4.61;0;0;60.36;100;19800;Weekday;Monday;Light_Load
08.01.2018 05:45;3.35;4.57;0;0;59.12;100;20700;Weekday;Monday;Light_Load
08.01.2018 06:00;3.92;6.23;0;0;53.26;100;21600;Weekday;Monday;Light_Load
08.01.2018 06:15;3.35;4.43;0;0;60.32;100;22500;Weekday;Monday;Light_Load
08.01.2018 06:30;3.35;4.32;0;0;61.28;100;23400;Weekday;Monday;Light_Load
08.01.2018 06:45;3.92;5.87;0;0;55.54;100;24300;Weekday;Monday;Light_Load
08.01.2018 07:00;3.38;4.32;0;0;61.62;100;25200;Weekday;Monday;Light_Load
08.01.2018 07:15;3.35;4.46;0;0;60.06;100;26100;Weekday;Monday;Light_Load
08.01.2018 07:30;5.83;6.34;0;0;67.69;100;27000;Weekday;Monday;Light_Load
08.01.2018 07:45;6.41;5.94;0;0;73.35;100;27900;Weekday;Monday;Light_Load
08.01.2018 08:00;6.73;5.11;0;0;79.64;100;28800;Weekday;Monday;Light_Load
08.01.2018 08:15;49.93;32.36;0;0.02;83.92;100;29700;Weekday;Monday;Light_Load
08.01.2018 08:30;130.54;77.8;0;0.06;85.9;100;30600;Weekday;Monday;Light_Load
08.01.2018 08:45;81.36;56.23;0;0.04;82.26;100;31500;Weekday;Monday;Light_Load
08.01.2018 09:00;114.95;42.34;0;0.05;93.84;100;32400;Weekday;Monday;Light_Load
08.01.2018 09:15;108.04;30.56;0;0.05;96.22;100;33300;Weekday;Monday;Medium_Load
08.01.2018 09:30;95.26;27.58;0;0.04;96.06;100;34200;Weekday;Monday;Medium_Load
08.01.2018 09:45;136.15;51.37;0;0.06;93.56;100;35100;Weekday;Monday;Medium_Load
08.01.2018 10:00;108.97;47.23;0;0.05;91.75;100;36000;Weekday;Monday;Medium_Load
08.01.2018 10:15;135.04;55.8;0;0.06;92.42;100;36900;Weekday;Monday;Maximum_Load
08.01.2018 10:30;107.14;45.07;0;0.05;92.18;100;37800;Weekday;Monday;Maximum_Load
08.01.2018 10:45;139.39;58.9;0;0.06;92.11;100;38700;Weekday;Monday;Maximum_Load
08.01.2018 11:00;95.08;37.44;0;0.04;93.05;100;39600;Weekday;Monday;Maximum_Load
08.01.2018 11:15;138.38;74.63;0;0.06;88.02;100;40500;Weekday;Monday;Maximum_Load
08.01.2018 11:30;125.46;70.7;0;0.06;87.12;100;41400;Weekday;Monday;Maximum_Load
08.01.2018 11:45;116.24;65.95;0;0.05;86.98;100;42300;Weekday;Monday;Maximum_Load
08.01.2018 12:00;120.02;65.63;0;0.06;87.74;100;43200;Weekday;Monday;Maximum_Load
08.01.2018 12:15;9.65;0.72;20.63;0;99.72;42.37;44100;Weekday;Monday;Medium_Load
08.01.2018 12:30;8.71;0;26.32;0;100;31.42;45000;Weekday;Monday;Medium_Load
08.01.2018 12:45;8.86;0;25.7;0;100;32.59;45900;Weekday;Monday;Medium_Load
08.01.2018 13:00;8.75;0;25.7;0;100;32.23;46800;Weekday;Monday;Medium_Load
08.01.2018 13:15;59.54;25.56;5.69;0.03;91.89;99.55;47700;Weekday;Monday;Medium_Load
08.01.2018 13:30;76.14;37.66;0;0.03;89.63;100;48600;Weekday;Monday;Medium_Load
08.01.2018 13:45;111.85;55.62;0;0.05;89.54;100;49500;Weekday;Monday;Medium_Load
08.01.2018 14:00;121.07;53.42;0;0.06;91.49;100;50400;Weekday;Monday;Medium_Load
08.01.2018 14:15;95.04;44.28;0;0.04;90.64;100;51300;Weekday;Monday;Medium_Load
08.01.2018 14:30;108.14;45.68;0;0.05;92.12;100;52200;Weekday;Monday;Medium_Load
08.01.2018 14:45;93.17;33.12;0;0.04;94.22;100;53100;Weekday;Monday;Medium_Load
08.01.2018 15:00;83.84;27.94;0;0.04;94.87;100;54000;Weekday;Monday;Medium_Load
08.01.2018 15:15;111.89;43.13;0;0.05;93.31;100;54900;Weekday;Monday;Medium_Load
08.01.2018 15:30;111.02;44.14;0;0.05;92.92;100;55800;Weekday;Monday;Medium_Load
08.01.2018 15:45;126.43;56.84;0;0.06;91.21;100;56700;Weekday;Monday;Medium_Load
08.01.2018 16:00;112.68;49.79;0;0.05;91.47;100;57600;Weekday;Monday;Medium_Load
08.01.2018 16:15;82.22;35.82;0;0.04;91.68;100;58500;Weekday;Monday;Medium_Load
08.01.2018 16:30;96.88;35.14;0;0.04;94.01;100;59400;Weekday;Monday;Medium_Load
08.01.2018 16:45;136.98;53.93;0;0.06;93.05;100;60300;Weekday;Monday;Medium_Load
08.01.2018 17:00;100.58;36.29;0;0.05;94.06;100;61200;Weekday;Monday;Medium_Load
08.01.2018 17:15;131.54;49.21;0;0.06;93.66;100;62100;Weekday;Monday;Maximum_Load
08.01.2018 17:30;101.66;29.59;0;0.05;96.02;100;63000;Weekday;Monday;Maximum_Load
08.01.2018 17:45;37.73;1.01;9;0.02;99.96;97.27;63900;Weekday;Monday;Maximum_Load
08.01.2018 18:00;33.48;0;9.47;0.02;100;96.22;64800;Weekday;Monday;Maximum_Load
08.01.2018 18:15;74.02;33.95;0.58;0.03;90.9;100;65700;Weekday;Monday;Maximum_Load
08.01.2018 18:30;129.35;72.29;0;0.06;87.29;100;66600;Weekday;Monday;Maximum_Load
08.01.2018 18:45;126.97;57.35;0;0.06;91.13;100;67500;Weekday;Monday;Maximum_Load
08.01.2018 19:00;117.14;46.3;0;0.05;93;100;68400;Weekday;Monday;Maximum_Load
08.01.2018 19:15;70.74;24.23;0;0.03;94.6;100;69300;Weekday;Monday;Maximum_Load
08.01.2018 19:30;143.78;64.3;0;0.07;91.29;100;70200;Weekday;Monday;Maximum_Load
08.01.2018 19:45;107.89;46.94;0;0.05;91.7;100;71100;Weekday;Monday;Maximum_Load
08.01.2018 20:00;145.3;61.74;0;0.07;92.04;100;72000;Weekday;Monday;Maximum_Load
08.01.2018 20:15;103.43;40.9;0;0.05;92.99;100;72900;Weekday;Monday;Medium_Load
08.01.2018 20:30;134.78;46.22;0;0.06;94.59;100;73800;Weekday;Monday;Medium_Load
08.01.2018 20:45;109.33;40.28;0;0.05;93.83;100;74700;Weekday;Monday;Medium_Load
08.01.2018 21:00;96.73;23.29;0.97;0.04;97.22;99.99;75600;Weekday;Monday;Medium_Load
08.01.2018 21:15;13.57;0.14;20.3;0.01;99.99;55.57;76500;Weekday;Monday;Medium_Load
08.01.2018 21:30;5.36;0;26.03;0;100;20.17;77400;Weekday;Monday;Medium_Load
08.01.2018 21:45;5.18;0;25.99;0;100;19.55;78300;Weekday;Monday;Medium_Load
08.01.2018 22:00;5.22;0;25.96;0;100;19.71;79200;Weekday;Monday;Medium_Load
08.01.2018 22:15;5;1.98;14.65;0;92.98;32.3;80100;Weekday;Monday;Maximum_Load
08.01.2018 22:30;4.75;5.15;0;0;67.8;100;81000;Weekday;Monday;Maximum_Load
08.01.2018 22:45;4.72;5;0;0;68.65;100;81900;Weekday;Monday;Maximum_Load
08.01.2018 23:00;4.75;5;0;0;68.87;100;82800;Weekday;Monday;Maximum_Load
08.01.2018 23:15;4.72;4.28;0;0;74.08;100;83700;Weekday;Monday;Light_Load
08.01.2018 23:30;4.64;4.07;0;0;75.18;100;84600;Weekday;Monday;Light_Load
08.01.2018 23:45;4.64;4.1;0;0;74.94;100;85500;Weekday;Monday;Light_Load
08.01.2018 00:00;4.68;4.28;0;0;73.79;100;0;Weekday;Monday;Light_Load
09.01.2018 00:15;4.68;4.18;0;0;74.58;100;900;Weekday;Tuesday;Light_Load
09.01.2018 00:30;4.75;4.36;0;0;73.67;100;1800;Weekday;Tuesday;Light_Load
09.01.2018 00:45;4.68;4.46;0;0;72.39;100;2700;Weekday;Tuesday;Light_Load
09.01.2018 01:00;4.68;4.39;0;0;72.93;100;3600;Weekday;Tuesday;Light_Load
09.01.2018 01:15;4.68;4.32;0;0;73.48;100;4500;Weekday;Tuesday;Light_Load
09.01.2018 01:30;4.72;4.21;0;0;74.63;100;5400;Weekday;Tuesday;Light_Load
09.01.2018 01:45;4.75;4.39;0;0;73.44;100;6300;Weekday;Tuesday;Light_Load
09.01.2018 02:00;4.75;4.21;0;0;74.84;100;7200;Weekday;Tuesday;Light_Load
09.01.2018 02:15;4.64;4.25;0;0;73.74;100;8100;Weekday;Tuesday;Light_Load
09.01.2018 02:30;4.68;4.25;0;0;74.03;100;9000;Weekday;Tuesday;Light_Load
09.01.2018 02:45;4.72;4.28;0;0;74.08;100;9900;Weekday;Tuesday;Light_Load
09.01.2018 03:00;4.75;4.39;0;0;73.44;100;10800;Weekday;Tuesday;Light_Load
09.01.2018 03:15;4.72;4.57;0;0;71.84;100;11700;Weekday;Tuesday;Light_Load
09.01.2018 03:30;4.72;4.32;0;0;73.77;100;12600;Weekday;Tuesday;Light_Load
09.01.2018 03:45;4.68;4.5;0;0;72.08;100;13500;Weekday;Tuesday;Light_Load
09.01.2018 04:00;4.72;4.46;0;0;72.68;100;14400;Weekday;Tuesday;Light_Load
09.01.2018 04:15;4.68;4.14;0;0;74.9;100;15300;Weekday;Tuesday;Light_Load
09.01.2018 04:30;4.72;4.07;0;0;75.73;100;16200;Weekday;Tuesday;Light_Load
09.01.2018 04:45;4.68;4.18;0;0;74.58;100;17100;Weekday;Tuesday;Light_Load
09.01.2018 05:00;4.64;3.92;0;0;76.39;100;18000;Weekday;Tuesday;Light_Load
09.01.2018 05:15;4.64;4;0;0;75.74;100;18900;Weekday;Tuesday;Light_Load
09.01.2018 05:30;4.68;3.89;0;0;76.9;100;19800;Weekday;Tuesday;Light_Load
09.01.2018 05:45;4.75;3.89;0;0;77.37;100;20700;Weekday;Tuesday;Light_Load
09.01.2018 06:00;4.68;4.03;0;0;75.78;100;21600;Weekday;Tuesday;Light_Load
09.01.2018 06:15;4.68;3.82;0;0;77.47;100;22500;Weekday;Tuesday;Light_Load
09.01.2018 06:30;4.68;3.78;0;0;77.79;100;23400;Weekday;Tuesday;Light_Load
09.01.2018 06:45;4;2.88;0;0;81.15;100;24300;Weekday;Tuesday;Light_Load
09.01.2018 07:00;4.57;3.89;0;0;76.15;100;25200;Weekday;Tuesday;Light_Load
09.01.2018 07:15;4.1;3.28;0;0;78.09;100;26100;Weekday;Tuesday;Light_Load
09.01.2018 07:30;5.18;3.42;0;0;83.45;100;27000;Weekday;Tuesday;Light_Load
09.01.2018 07:45;7.13;4.07;0;0;86.85;100;27900;Weekday;Tuesday;Light_Load
09.01.2018 08:00;37.8;28.76;0;0.02;79.58;100;28800;Weekday;Tuesday;Light_Load
09.01.2018 08:15;99.43;59.69;0;0.05;85.74;100;29700;Weekday;Tuesday;Light_Load
09.01.2018 08:30;83.74;56.99;0;0.04;82.67;100;30600;Weekday;Tuesday;Light_Load
09.01.2018 08:45;102.71;66.67;0;0.05;83.88;100;31500;Weekday;Tuesday;Light_Load
09.01.2018 09:00;128.38;51.88;0;0.06;92.72;100;32400;Weekday;Tuesday;Light_Load
09.01.2018 09:15;123.19;57.46;0;0.06;90.63;100;33300;Weekday;Tuesday;Medium_Load
09.01.2018 09:30;132.91;50.94;0;0.06;93.38;100;34200;Weekday;Tuesday;Medium_Load
09.01.2018 09:45;105.66;33.44;0;0.05;95.34;100;35100;Weekday;Tuesday;Medium_Load
09.01.2018 10:00;132.01;48.02;0;0.06;93.98;100;36000;Weekday;Tuesday;Medium_Load
09.01.2018 10:15;106.42;33.55;0;0.05;95.37;100;36900;Weekday;Tuesday;Maximum_Load
09.01.2018 10:30;120.02;48.74;0;0.06;92.65;100;37800;Weekday;Tuesday;Maximum_Load
09.01.2018 10:45;128.81;45.83;0;0.06;94.21;100;38700;Weekday;Tuesday;Maximum_Load
09.01.2018 11:00;116.68;43.74;0;0.05;93.64;100;39600;Weekday;Tuesday;Maximum_Load
09.01.2018 11:15;136.19;70.96;0;0.06;88.68;100;40500;Weekday;Tuesday;Maximum_Load
09.01.2018 11:30;106.49;55.62;0;0.05;88.64;100;41400;Weekday;Tuesday;Maximum_Load
09.01.2018 11:45;125.71;66.31;0;0.06;88.45;100;42300;Weekday;Tuesday;Maximum_Load
09.01.2018 12:00;107.64;50.11;0;0.05;90.66;100;43200;Weekday;Tuesday;Maximum_Load
09.01.2018 12:15;14.58;4.14;19.37;0.01;96.2;60.14;44100;Weekday;Tuesday;Medium_Load
09.01.2018 12:30;8.39;0;26.32;0;100;30.37;45000;Weekday;Tuesday;Medium_Load
09.01.2018 12:45;8.6;0;25.78;0;100;31.64;45900;Weekday;Tuesday;Medium_Load
09.01.2018 13:00;14.62;0;20.56;0.01;100;57.95;46800;Weekday;Tuesday;Medium_Load
09.01.2018 13:15;84.92;20.56;2.59;0.04;97.19;99.95;47700;Weekday;Tuesday;Medium_Load
09.01.2018 13:30;136.69;50.94;0;0.06;93.7;100;48600;Weekday;Tuesday;Medium_Load
09.01.2018 13:45;103.64;33.88;0;0.05;95.05;100;49500;Weekday;Tuesday;Medium_Load
09.01.2018 14:00;126.83;42.95;0;0.06;94.72;100;50400;Weekday;Tuesday;Medium_Load
09.01.2018 14:15;105.91;36.04;0;0.05;94.67;100;51300;Weekday;Tuesday;Medium_Load
09.01.2018 14:30;127.73;45.54;0;0.06;94.19;100;52200;Weekday;Tuesday;Medium_Load
09.01.2018 14:45;106.99;34.78;0;0.05;95.1;100;53100;Weekday;Tuesday;Medium_Load
09.01.2018 15:00;124.92;40.39;0;0.06;95.15;100;54000;Weekday;Tuesday;Medium_Load
09.01.2018 15:15;66.74;23.29;0;0.03;94.42;100;54900;Weekday;Tuesday;Medium_Load
09.01.2018 15:30;71.14;23.62;0;0.03;94.91;100;55800;Weekday;Tuesday;Medium_Load
09.01.2018 15:45;112.03;37.55;0;0.05;94.82;100;56700;Weekday;Tuesday;Medium_Load
09.01.2018 16:00;123.3;49.03;0;0.06;92.92;100;57600;Weekday;Tuesday;Medium_Load
09.01.2018 16:15;110.05;34.24;0;0.05;95.49;100;58500;Weekday;Tuesday;Medium_Load
09.01.2018 16:30;127.48;46.48;0;0.06;93.95;100;59400;Weekday;Tuesday;Medium_Load
09.01.2018 16:45;105.84;34.52;0;0.05;95.07;100;60300;Weekday;Tuesday;Medium_Load
09.01.2018 17:00;117.61;38.7;0;0.05;94.99;100;61200;Weekday;Tuesday;Medium_Load
09.01.2018 17:15;117.07;43.27;0;0.05;93.8;100;62100;Weekday;Tuesday;Maximum_Load
09.01.2018 17:30;117.58;41;0;0.05;94.42;100;63000;Weekday;Tuesday;Maximum_Load
09.01.2018 17:45;35.86;1.15;8.53;0.02;99.95;97.29;63900;Weekday;Tuesday;Maximum_Load
09.01.2018 18:00;33.52;0;9.94;0.02;100;95.87;64800;Weekday;Tuesday;Maximum_Load
09.01.2018 18:15;77.8;35.17;0.79;0.04;91.12;99.99;65700;Weekday;Tuesday;Maximum_Load
09.01.2018 18:30;111.53;57.92;0;0.05;88.75;100;66600;Weekday;Tuesday;Maximum_Load
09.01.2018 18:45;121.36;49.25;0;0.06;92.66;100;67500;Weekday;Tuesday;Maximum_Load
09.01.2018 19:00;114.8;40.25;0;0.05;94.37;100;68400;Weekday;Tuesday;Maximum_Load
09.01.2018 19:15;103.68;33.34;0;0.05;95.2;100;69300;Weekday;Tuesday;Maximum_Load
09.01.2018 19:30;123.34;48.2;0;0.06;93.14;100;70200;Weekday;Tuesday;Maximum_Load
09.01.2018 19:45;108.54;40.82;0;0.05;93.6;100;71100;Weekday;Tuesday;Maximum_Load
09.01.2018 20:00;113;36.83;0;0.05;95.08;100;72000;Weekday;Tuesday;Maximum_Load
09.01.2018 20:15;105.84;37.15;0;0.05;94.36;100;72900;Weekday;Tuesday;Medium_Load
09.01.2018 20:30;118.87;39.49;0;0.05;94.9;100;73800;Weekday;Tuesday;Medium_Load
09.01.2018 20:45;99.72;25.88;0;0.05;96.79;100;74700;Weekday;Tuesday;Medium_Load
09.01.2018 21:00;83.12;14.18;1.73;0.04;98.58;99.98;75600;Weekday;Tuesday;Medium_Load
09.01.2018 21:15;11.41;0;22.93;0.01;100;44.55;76500;Weekday;Tuesday;Medium_Load
09.01.2018 21:30;5.26;0;26.78;0;100;19.27;77400;Weekday;Tuesday;Medium_Load
09.01.2018 21:45;5;0;26.71;0;100;18.4;78300;Weekday;Tuesday;Medium_Load
09.01.2018 22:00;4.97;0;26.75;0;100;18.27;79200;Weekday;Tuesday;Medium_Load
09.01.2018 22:15;4.93;1.8;15.3;0;93.93;30.67;80100;Weekday;Tuesday;Maximum_Load
09.01.2018 22:30;4.64;5.15;0;0;66.94;100;81000;Weekday;Tuesday;Maximum_Load
09.01.2018 22:45;4.64;4.97;0;0;68.24;100;81900;Weekday;Tuesday;Maximum_Load
09.01.2018 23:00;4.57;4.97;0;0;67.69;100;82800;Weekday;Tuesday;Maximum_Load
09.01.2018 23:15;4.64;4.32;0;0;73.19;100;83700;Weekday;Tuesday;Light_Load
09.01.2018 23:30;4.61;4.14;0;0;74.4;100;84600;Weekday;Tuesday;Light_Load
09.01.2018 23:45;4.57;4.25;0;0;73.23;100;85500;Weekday;Tuesday;Light_Load
09.01.2018 00:00;4.57;4.28;0;0;72.99;100;0;Weekday;Tuesday;Light_Load
10.01.2018 00:15;4.5;4.36;0;0;71.82;100;900;Weekday;Wednesday;Light_Load
10.01.2018 00:30;4.57;4.61;0;0;70.4;100;1800;Weekday;Wednesday;Light_Load
10.01.2018 00:45;4.61;4.61;0;0;70.71;100;2700;Weekday;Wednesday;Light_Load
10.01.2018 01:00;4.54;4.32;0;0;72.44;100;3600;Weekday;Wednesday;Light_Load
10.01.2018 01:15;4.61;4.39;0;0;72.42;100;4500;Weekday;Wednesday;Light_Load
10.01.2018 01:30;4.57;4.57;0;0;70.71;100;5400;Weekday;Wednesday;Light_Load
10.01.2018 01:45;4.61;4.57;0;0;71.02;100;6300;Weekday;Wednesday;Light_Load
10.01.2018 02:00;4.64;4.75;0;0;69.88;100;7200;Weekday;Wednesday;Light_Load
10.01.2018 02:15;4.61;4.72;0;0;69.87;100;8100;Weekday;Wednesday;Light_Load
10.01.2018 02:30;4.54;4.43;0;0;71.57;100;9000;Weekday;Wednesday;Light_Load
10.01.2018 02:45;4.57;4.5;0;0;71.25;100;9900;Weekday;Wednesday;Light_Load
10.01.2018 03:00;4.57;4.46;0;0;71.57;100;10800;Weekday;Wednesday;Light_Load
10.01.2018 03:15;4.61;4.39;0;0;72.42;100;11700;Weekday;Wednesday;Light_Load
10.01.2018 03:30;4.57;4.57;0;0;70.71;100;12600;Weekday;Wednesday;Light_Load
10.01.2018 03:45;4.54;4.5;0;0;71.02;100;13500;Weekday;Wednesday;Light_Load
10.01.2018 04:00;4.57;4.43;0;0;71.8;100;14400;Weekday;Wednesday;Light_Load
10.01.2018 04:15;4.57;4.54;0;0;70.94;100;15300;Weekday;Wednesday;Light_Load
10.01.2018 04:30;4.57;4.39;0;0;72.12;100;16200;Weekday;Wednesday;Light_Load
10.01.2018 04:45;4.54;4.36;0;0;72.13;100;17100;Weekday;Wednesday;Light_Load
10.01.2018 05:00;4.57;4.61;0;0;70.4;100;18000;Weekday;Wednesday;Light_Load
10.01.2018 05:15;4.57;4.46;0;0;71.57;100;18900;Weekday;Wednesday;Light_Load
10.01.2018 05:30;4.57;4.46;0;0;71.57;100;19800;Weekday;Wednesday;Light_Load
10.01.2018 05:45;4.57;4.39;0;0;72.12;100;20700;Weekday;Wednesday;Light_Load
10.01.2018 06:00;4.54;4.36;0;0;72.13;100;21600;Weekday;Wednesday;Light_Load
10.01.2018 06:15;4.61;5;0;0;67.79;100;22500;Weekday;Wednesday;Light_Load
10.01.2018 06:30;4.57;4.79;0;0;69.03;100;23400;Weekday;Wednesday;Light_Load
10.01.2018 06:45;4.43;4.75;0;0;68.2;100;24300;Weekday;Wednesday;Light_Load
10.01.2018 07:00;4.14;3.82;0;0;73.49;100;25200;Weekday;Wednesday;Light_Load
10.01.2018 07:15;4.86;4.82;0;0;71;100;26100;Weekday;Wednesday;Light_Load
10.01.2018 07:30;6.59;4.93;0;0;80.07;100;27000;Weekday;Wednesday;Light_Load
10.01.2018 07:45;7.09;5;0;0;81.72;100;27900;Weekday;Wednesday;Light_Load
10.01.2018 08:00;7.09;4.64;0.04;0;83.67;100;28800;Weekday;Wednesday;Light_Load
10.01.2018 08:15;94.61;58.9;0;0.04;84.89;100;29700;Weekday;Wednesday;Light_Load
10.01.2018 08:30;107.64;63.65;0;0.05;86.08;100;30600;Weekday;Wednesday;Light_Load
10.01.2018 08:45;101.63;63.22;0;0.05;84.91;100;31500;Weekday;Wednesday;Light_Load
10.01.2018 09:00;124.31;50.26;0;0.06;92.71;100;32400;Weekday;Wednesday;Light_Load
10.01.2018 09:15;109.91;35.42;0;0.05;95.18;100;33300;Weekday;Wednesday;Medium_Load
10.01.2018 09:30;126.04;45.61;0;0.06;94.03;100;34200;Weekday;Wednesday;Medium_Load
10.01.2018 09:45;98.39;32.58;0;0.05;94.93;100;35100;Weekday;Wednesday;Medium_Load
10.01.2018 10:00;121.43;43.49;0;0.06;94.14;100;36000;Weekday;Wednesday;Medium_Load
10.01.2018 10:15;117.14;38.77;0;0.05;94.94;100;36900;Weekday;Wednesday;Maximum_Load
10.01.2018 10:30;105.8;32.65;0;0.05;95.55;100;37800;Weekday;Wednesday;Maximum_Load
10.01.2018 10:45;124.88;42.23;0;0.06;94.73;100;38700;Weekday;Wednesday;Maximum_Load
10.01.2018 11:00;110.34;36.11;0;0.05;95.04;100;39600;Weekday;Wednesday;Maximum_Load
10.01.2018 11:15;143.21;70.56;0;0.07;89.7;100;40500;Weekday;Wednesday;Maximum_Load
10.01.2018 11:30;101.59;51.98;0;0.05;89.02;100;41400;Weekday;Wednesday;Maximum_Load
10.01.2018 11:45;136.87;71.89;0;0.06;88.53;100;42300;Weekday;Wednesday;Maximum_Load
10.01.2018 12:00;122.76;61.49;0;0.06;89.41;100;43200;Weekday;Wednesday;Maximum_Load
10.01.2018 12:15;14.54;4.82;20.16;0.01;94.92;58.5;44100;Weekday;Wednesday;Medium_Load
10.01.2018 12:30;8.53;0;26.46;0;100;30.68;45000;Weekday;Wednesday;Medium_Load
10.01.2018 12:45;8.71;0;25.78;0;100;32.01;45900;Weekday;Wednesday;Medium_Load
10.01.2018 13:00;9.07;0;25.13;0;100;33.95;46800;Weekday;Wednesday;Medium_Load
10.01.2018 13:15;84.82;31.25;3.02;0.04;93.83;99.94;47700;Weekday;Wednesday;Medium_Load
10.01.2018 13:30;139.75;57.85;0;0.06;92.4;100;48600;Weekday;Wednesday;Medium_Load
10.01.2018 13:45;98.32;31.36;0;0.05;95.27;100;49500;Weekday;Wednesday;Medium_Load
10.01.2018 14:00;120.49;40.39;0;0.06;94.81;100;50400;Weekday;Wednesday;Medium_Load
10.01.2018 14:15;115.7;40.5;0;0.05;94.38;100;51300;Weekday;Wednesday;Medium_Load
10.01.2018 14:30;121.1;42.52;0;0.06;94.35;100;52200;Weekday;Wednesday;Medium_Load
10.01.2018 14:45;112.25;34.09;0;0.05;95.68;100;53100;Weekday;Wednesday;Medium_Load
10.01.2018 15:00;96.52;32.4;0;0.04;94.8;100;54000;Weekday;Wednesday;Medium_Load
10.01.2018 15:15;110.77;40.79;0;0.05;93.84;100;54900;Weekday;Wednesday;Medium_Load
10.01.2018 15:30;107.03;40.32;0;0.05;93.58;100;55800;Weekday;Wednesday;Medium_Load
10.01.2018 15:45;100.48;29.41;0;0.05;95.97;100;56700;Weekday;Wednesday;Medium_Load
10.01.2018 16:00;123.19;44.14;0;0.06;94.14;100;57600;Weekday;Wednesday;Medium_Load
10.01.2018 16:15;105.12;31.86;0;0.05;95.7;100;58500;Weekday;Wednesday;Medium_Load
10.01.2018 16:30;112.46;34.74;0;0.05;95.55;100;59400;Weekday;Wednesday;Medium_Load
10.01.2018 16:45;122.58;46.69;0;0.06;93.45;100;60300;Weekday;Wednesday;Medium_Load
10.01.2018 17:00;126.18;43.27;0;0.06;94.59;100;61200;Weekday;Wednesday;Medium_Load
10.01.2018 17:15;95.58;32.83;0;0.04;94.58;100;62100;Weekday;Wednesday;Maximum_Load
10.01.2018 17:30;121.72;42.12;0;0.06;94.5;100;63000;Weekday;Wednesday;Maximum_Load
10.01.2018 17:45;129.38;53.57;0;0.06;92.39;100;63900;Weekday;Wednesday;Maximum_Load
10.01.2018 18:00;101.09;32.15;0;0.05;95.3;100;64800;Weekday;Wednesday;Maximum_Load
10.01.2018 18:15;35.24;10.98;0.14;0.02;95.47;100;65700;Weekday;Wednesday;Maximum_Load
10.01.2018 18:30;13.1;0.47;4.46;0.01;99.94;94.66;66600;Weekday;Wednesday;Maximum_Load
10.01.2018 18:45;8.21;0;21.02;0;100;36.38;67500;Weekday;Wednesday;Maximum_Load
10.01.2018 19:00;5.18;0;26.89;0;100;18.92;68400;Weekday;Wednesday;Maximum_Load
10.01.2018 19:15;5.29;0;26.82;0;100;19.35;69300;Weekday;Wednesday;Maximum_Load
10.01.2018 19:30;5.18;0;26.96;0;100;18.87;70200;Weekday;Wednesday;Maximum_Load
10.01.2018 19:45;5.04;0;27.04;0;100;18.32;71100;Weekday;Wednesday;Maximum_Load
10.01.2018 20:00;5.04;0;27;0;100;18.35;72000;Weekday;Wednesday;Maximum_Load
10.01.2018 20:15;5.04;0;26.93;0;100;18.4;72900;Weekday;Wednesday;Medium_Load
10.01.2018 20:30;5.04;0;26.75;0;100;18.52;73800;Weekday;Wednesday;Medium_Load
10.01.2018 20:45;5.15;0;26.75;0;100;18.91;74700;Weekday;Wednesday;Medium_Load
10.01.2018 21:00;5.15;0;26.75;0;100;18.91;75600;Weekday;Wednesday;Medium_Load
10.01.2018 21:15;5.08;0;26.53;0;100;18.81;76500;Weekday;Wednesday;Medium_Load
10.01.2018 21:30;5.08;0;26.32;0;100;18.95;77400;Weekday;Wednesday;Medium_Load
10.01.2018 21:45;5.04;0;26.35;0;100;18.79;78300;Weekday;Wednesday;Medium_Load
10.01.2018 22:00;5.11;0;26.39;0;100;19.01;79200;Weekday;Wednesday;Medium_Load
10.01.2018 22:15;4.9;1.98;15.08;0;92.72;30.9;80100;Weekday;Wednesday;Maximum_Load
10.01.2018 22:30;4.68;5.76;0;0;63.06;100;81000;Weekday;Wednesday;Maximum_Load
10.01.2018 22:45;4.64;5.4;0;0;65.17;100;81900;Weekday;Wednesday;Maximum_Load
10.01.2018 23:00;4.61;5.08;0;0;67.2;100;82800;Weekday;Wednesday;Maximum_Load
10.01.2018 23:15;4.64;4.21;0;0;74.06;100;83700;Weekday;Wednesday;Light_Load
10.01.2018 23:30;4.57;4.1;0;0;74.43;100;84600;Weekday;Wednesday;Light_Load
10.01.2018 23:45;4.57;4.54;0;0;70.94;100;85500;Weekday;Wednesday;Light_Load
10.01.2018 00:00;4.57;4.68;0;0;69.86;100;0;Weekday;Wednesday;Light_Load
11.01.2018 00:15;4.57;4.46;0;0;71.57;100;900;Weekday;Thursday;Light_Load
11.01.2018 00:30;4.68;4.75;0;0;70.18;100;1800;Weekday;Thursday;Light_Load
11.01.2018 00:45;4.61;4.9;0;0;68.52;100;2700;Weekday;Thursday;Light_Load
11.01.2018 01:00;4.61;4.68;0;0;70.18;100;3600;Weekday;Thursday;Light_Load
11.01.2018 01:15;4.61;4.9;0;0;68.52;100;4500;Weekday;Thursday;Light_Load
11.01.2018 01:30;4.61;5.08;0;0;67.2;100;5400;Weekday;Thursday;Light_Load
11.01.2018 01:45;4.68;4.79;0;0;69.88;100;6300;Weekday;Thursday;Light_Load
11.01.2018 02:00;4.61;4.9;0;0;68.52;100;7200;Weekday;Thursday;Light_Load
11.01.2018 02:15;4.61;4.72;0;0;69.87;100;8100;Weekday;Thursday;Light_Load
11.01.2018 02:30;4.57;4.36;0;0;72.35;100;9000;Weekday;Thursday;Light_Load
11.01.2018 02:45;4.57;4.39;0;0;72.12;100;9900;Weekday;Thursday;Light_Load
11.01.2018 03:00;4.61;4.21;0;0;73.84;100;10800;Weekday;Thursday;Light_Load
11.01.2018 03:15;4.61;4.68;0;0;70.18;100;11700;Weekday;Thursday;Light_Load
11.01.2018 03:30;4.57;4.36;0;0;72.35;100;12600;Weekday;Thursday;Light_Load
11.01.2018 03:45;4.57;4.28;0;0;72.99;100;13500;Weekday;Thursday;Light_Load
11.01.2018 04:00;4.57;4.21;0;0;73.55;100;14400;Weekday;Thursday;Light_Load
11.01.2018 04:15;4.61;4.21;0;0;73.84;100;15300;Weekday;Thursday;Light_Load
11.01.2018 04:30;4.57;4.64;0;0;70.17;100;16200;Weekday;Thursday;Light_Load
11.01.2018 04:45;4.61;4.5;0;0;71.56;100;17100;Weekday;Thursday;Light_Load
11.01.2018 05:00;4.57;4.46;0;0;71.57;100;18000;Weekday;Thursday;Light_Load
11.01.2018 05:15;4.57;4.5;0;0;71.25;100;18900;Weekday;Thursday;Light_Load
11.01.2018 05:30;4.64;4.46;0;0;72.1;100;19800;Weekday;Thursday;Light_Load
11.01.2018 05:45;4.57;4.54;0;0;70.94;100;20700;Weekday;Thursday;Light_Load
11.01.2018 06:00;4.57;4.36;0;0;72.35;100;21600;Weekday;Thursday;Light_Load
11.01.2018 06:15;4.57;4.46;0;0;71.57;100;22500;Weekday;Thursday;Light_Load
11.01.2018 06:30;4.57;4.36;0;0;72.35;100;23400;Weekday;Thursday;Light_Load
11.01.2018 06:45;4.36;3.92;0;0;74.36;100;24300;Weekday;Thursday;Light_Load
11.01.2018 07:00;4.28;3.89;0;0;74;100;25200;Weekday;Thursday;Light_Load
11.01.2018 07:15;4.54;4.1;0;0;74.22;100;26100;Weekday;Thursday;Light_Load
11.01.2018 07:30;4.46;3.38;0;0;79.7;100;27000;Weekday;Thursday;Light_Load
11.01.2018 07:45;7.16;4;0;0;87.3;100;27900;Weekday;Thursday;Light_Load
11.01.2018 08:00;7.38;3.53;0.04;0;90.21;100;28800;Weekday;Thursday;Light_Load
11.01.2018 08:15;71.82;46.37;0;0.03;84.01;100;29700;Weekday;Thursday;Light_Load
11.01.2018 08:30;137.09;79.7;0;0.06;86.45;100;30600;Weekday;Thursday;Light_Load
11.01.2018 08:45;116.28;71.78;0;0.05;85.09;100;31500;Weekday;Thursday;Light_Load
11.01.2018 09:00;124.63;53.14;0;0.06;91.99;100;32400;Weekday;Thursday;Light_Load
11.01.2018 09:15;121.9;47.52;0;0.06;93.17;100;33300;Weekday;Thursday;Medium_Load
11.01.2018 09:30;123.08;48.53;0;0.06;93.03;100;34200;Weekday;Thursday;Medium_Load
11.01.2018 09:45;102.6;44.5;0;0.05;91.74;100;35100;Weekday;Thursday;Medium_Load
